Green Day-21 Guns-random.mp3,Green Day-21 Guns-166069.mp3,Green Day-21 Guns-262571.mp3
Green Day-21 Guns-random.mp3,Green Day-21 Guns-min.mp3,Green Day-21 Guns-166069.mp3
Green Day-21 Guns-286905.mp3,Green Day-21 Guns-random.mp3,Green Day-21 Guns-166069.mp3
Green Day-21 Guns-262571.mp3,Green Day-21 Guns-random.mp3,Green Day-21 Guns-40031.mp3
Green Day-21 Guns-262571.mp3,Green Day-21 Guns-random.mp3,Green Day-21 Guns-40031.mp3
Green Day-21 Guns-286905.mp3,Green Day-21 Guns-random.mp3,Green Day-21 Guns-40031.mp3
Green Day-21 Guns-random.mp3,Green Day-21 Guns-166069.mp3,Green Day-21 Guns-40031.mp3
Green Day-21 Guns-166069.mp3,Green Day-21 Guns-min.mp3,Green Day-21 Guns-40031.mp3
Green Day-21 Guns-286905.mp3,Green Day-21 Guns-262571.mp3,Green Day-21 Guns-min.mp3
Green Day-21 Guns-random.mp3,Green Day-21 Guns-166069.mp3,Green Day-21 Guns-286905.mp3
Green Day-21 Guns-random.mp3,Green Day-21 Guns-40031.mp3,Green Day-21 Guns-286905.mp3
Green Day-21 Guns-random.mp3,Green Day-21 Guns-286905.mp3,Green Day-21 Guns-166069.mp3
Green Day-21 Guns-262571.mp3,Green Day-21 Guns-40031.mp3,Green Day-21 Guns-min.mp3
Green Day-21 Guns-262571.mp3,Green Day-21 Guns-166069.mp3,Green Day-21 Guns-286905.mp3
Green Day-21 Guns-min.mp3,Green Day-21 Guns-286905.mp3,Green Day-21 Guns-166069.mp3
Green Day-21 Guns-166069.mp3,Green Day-21 Guns-min.mp3,Green Day-21 Guns-random.mp3
Green Day-21 Guns-random.mp3,Green Day-21 Guns-166069.mp3,Green Day-21 Guns-40031.mp3
Green Day-21 Guns-random.mp3,Green Day-21 Guns-40031.mp3,Green Day-21 Guns-166069.mp3
Green Day-21 Guns-min.mp3,Green Day-21 Guns-40031.mp3,Green Day-21 Guns-166069.mp3
Green Day-21 Guns-random.mp3,Green Day-21 Guns-40031.mp3,Green Day-21 Guns-262571.mp3
Green Day-21 Guns-166069.mp3,Green Day-21 Guns-262571.mp3,Green Day-21 Guns-random.mp3
Green Day-21 Guns-40031.mp3,Green Day-21 Guns-random.mp3,Green Day-21 Guns-166069.mp3
Green Day-21 Guns-166069.mp3,Green Day-21 Guns-286905.mp3,Green Day-21 Guns-40031.mp3
Green Day-21 Guns-min.mp3,Green Day-21 Guns-286905.mp3,Green Day-21 Guns-262571.mp3
Green Day-21 Guns-286905.mp3,Green Day-21 Guns-random.mp3,Green Day-21 Guns-262571.mp3
Green Day-21 Guns-random.mp3,Green Day-21 Guns-min.mp3,Green Day-21 Guns-262571.mp3
Green Day-21 Guns-40031.mp3,Green Day-21 Guns-166069.mp3,Green Day-21 Guns-random.mp3
Green Day-21 Guns-random.mp3,Green Day-21 Guns-262571.mp3,Green Day-21 Guns-286905.mp3
Green Day-21 Guns-random.mp3,Green Day-21 Guns-min.mp3,Green Day-21 Guns-166069.mp3
Green Day-21 Guns-min.mp3,Green Day-21 Guns-286905.mp3,Green Day-21 Guns-166069.mp3
Green Day-21 Guns-random.mp3,Green Day-21 Guns-166069.mp3,Green Day-21 Guns-286905.mp3
Green Day-21 Guns-min.mp3,Green Day-21 Guns-166069.mp3,Green Day-21 Guns-random.mp3
Green Day-21 Guns-min.mp3,Green Day-21 Guns-286905.mp3,Green Day-21 Guns-40031.mp3
Green Day-21 Guns-random.mp3,Green Day-21 Guns-262571.mp3,Green Day-21 Guns-40031.mp3
Green Day-21 Guns-min.mp3,Green Day-21 Guns-random.mp3,Green Day-21 Guns-40031.mp3
Green Day-21 Guns-random.mp3,Green Day-21 Guns-262571.mp3,Green Day-21 Guns-286905.mp3
Green Day-21 Guns-random.mp3,Green Day-21 Guns-262571.mp3,Green Day-21 Guns-286905.mp3
Green Day-21 Guns-random.mp3,Green Day-21 Guns-262571.mp3,Green Day-21 Guns-286905.mp3
Green Day-21 Guns-262571.mp3,Green Day-21 Guns-min.mp3,Green Day-21 Guns-40031.mp3
Green Day-21 Guns-262571.mp3,Green Day-21 Guns-40031.mp3,Green Day-21 Guns-166069.mp3
Green Day-21 Guns-286905.mp3,Green Day-21 Guns-min.mp3,Green Day-21 Guns-166069.mp3
Green Day-21 Guns-random.mp3,Green Day-21 Guns-min.mp3,Green Day-21 Guns-166069.mp3
Green Day-21 Guns-286905.mp3,Green Day-21 Guns-random.mp3,Green Day-21 Guns-min.mp3
Green Day-21 Guns-166069.mp3,Green Day-21 Guns-262571.mp3,Green Day-21 Guns-40031.mp3
Green Day-21 Guns-random.mp3,Green Day-21 Guns-262571.mp3,Green Day-21 Guns-286905.mp3
Green Day-21 Guns-random.mp3,Green Day-21 Guns-262571.mp3,Green Day-21 Guns-286905.mp3
