Fleetwood Mac-Albatross-87539.mp3,Fleetwood Mac-Albatross-random.mp3,Fleetwood Mac-Albatross-58235.mp3
Fleetwood Mac-Albatross-random.mp3,Fleetwood Mac-Albatross-58235.mp3,Fleetwood Mac-Albatross-139412.mp3
Fleetwood Mac-Albatross-min.mp3,Fleetwood Mac-Albatross-58235.mp3,Fleetwood Mac-Albatross-139412.mp3
Fleetwood Mac-Albatross-0.mp3,Fleetwood Mac-Albatross-min.mp3,Fleetwood Mac-Albatross-58235.mp3
Fleetwood Mac-Albatross-min.mp3,Fleetwood Mac-Albatross-random.mp3,Fleetwood Mac-Albatross-0.mp3
Fleetwood Mac-Albatross-58235.mp3,Fleetwood Mac-Albatross-min.mp3,Fleetwood Mac-Albatross-139412.mp3
Fleetwood Mac-Albatross-87539.mp3,Fleetwood Mac-Albatross-58235.mp3,Fleetwood Mac-Albatross-random.mp3
Fleetwood Mac-Albatross-87539.mp3,Fleetwood Mac-Albatross-58235.mp3,Fleetwood Mac-Albatross-139412.mp3
Fleetwood Mac-Albatross-58235.mp3,Fleetwood Mac-Albatross-min.mp3,Fleetwood Mac-Albatross-0.mp3
Fleetwood Mac-Albatross-139412.mp3,Fleetwood Mac-Albatross-random.mp3,Fleetwood Mac-Albatross-58235.mp3
Fleetwood Mac-Albatross-139412.mp3,Fleetwood Mac-Albatross-0.mp3,Fleetwood Mac-Albatross-min.mp3
Fleetwood Mac-Albatross-random.mp3,Fleetwood Mac-Albatross-58235.mp3,Fleetwood Mac-Albatross-139412.mp3
Fleetwood Mac-Albatross-0.mp3,Fleetwood Mac-Albatross-58235.mp3,Fleetwood Mac-Albatross-87539.mp3
Fleetwood Mac-Albatross-0.mp3,Fleetwood Mac-Albatross-min.mp3,Fleetwood Mac-Albatross-random.mp3
Fleetwood Mac-Albatross-139412.mp3,Fleetwood Mac-Albatross-random.mp3,Fleetwood Mac-Albatross-58235.mp3
Fleetwood Mac-Albatross-min.mp3,Fleetwood Mac-Albatross-139412.mp3,Fleetwood Mac-Albatross-0.mp3
Fleetwood Mac-Albatross-58235.mp3,Fleetwood Mac-Albatross-min.mp3,Fleetwood Mac-Albatross-0.mp3
Fleetwood Mac-Albatross-0.mp3,Fleetwood Mac-Albatross-random.mp3,Fleetwood Mac-Albatross-min.mp3
Fleetwood Mac-Albatross-58235.mp3,Fleetwood Mac-Albatross-87539.mp3,Fleetwood Mac-Albatross-139412.mp3
Fleetwood Mac-Albatross-0.mp3,Fleetwood Mac-Albatross-87539.mp3,Fleetwood Mac-Albatross-min.mp3
Fleetwood Mac-Albatross-random.mp3,Fleetwood Mac-Albatross-87539.mp3,Fleetwood Mac-Albatross-139412.mp3
Fleetwood Mac-Albatross-0.mp3,Fleetwood Mac-Albatross-58235.mp3,Fleetwood Mac-Albatross-139412.mp3
Fleetwood Mac-Albatross-87539.mp3,Fleetwood Mac-Albatross-0.mp3,Fleetwood Mac-Albatross-min.mp3
Fleetwood Mac-Albatross-58235.mp3,Fleetwood Mac-Albatross-0.mp3,Fleetwood Mac-Albatross-random.mp3
Fleetwood Mac-Albatross-58235.mp3,Fleetwood Mac-Albatross-139412.mp3,Fleetwood Mac-Albatross-random.mp3
Fleetwood Mac-Albatross-random.mp3,Fleetwood Mac-Albatross-58235.mp3,Fleetwood Mac-Albatross-139412.mp3
Fleetwood Mac-Albatross-min.mp3,Fleetwood Mac-Albatross-random.mp3,Fleetwood Mac-Albatross-0.mp3
Fleetwood Mac-Albatross-87539.mp3,Fleetwood Mac-Albatross-random.mp3,Fleetwood Mac-Albatross-0.mp3
Fleetwood Mac-Albatross-min.mp3,Fleetwood Mac-Albatross-random.mp3,Fleetwood Mac-Albatross-0.mp3
Fleetwood Mac-Albatross-139412.mp3,Fleetwood Mac-Albatross-87539.mp3,Fleetwood Mac-Albatross-random.mp3
Fleetwood Mac-Albatross-87539.mp3,Fleetwood Mac-Albatross-58235.mp3,Fleetwood Mac-Albatross-min.mp3
Fleetwood Mac-Albatross-87539.mp3,Fleetwood Mac-Albatross-58235.mp3,Fleetwood Mac-Albatross-random.mp3
Fleetwood Mac-Albatross-58235.mp3,Fleetwood Mac-Albatross-min.mp3,Fleetwood Mac-Albatross-87539.mp3
Fleetwood Mac-Albatross-58235.mp3,Fleetwood Mac-Albatross-random.mp3,Fleetwood Mac-Albatross-139412.mp3
Fleetwood Mac-Albatross-58235.mp3,Fleetwood Mac-Albatross-139412.mp3,Fleetwood Mac-Albatross-random.mp3
Fleetwood Mac-Albatross-random.mp3,Fleetwood Mac-Albatross-min.mp3,Fleetwood Mac-Albatross-139412.mp3
Fleetwood Mac-Albatross-0.mp3,Fleetwood Mac-Albatross-min.mp3,Fleetwood Mac-Albatross-87539.mp3
Fleetwood Mac-Albatross-0.mp3,Fleetwood Mac-Albatross-58235.mp3,Fleetwood Mac-Albatross-87539.mp3
Fleetwood Mac-Albatross-random.mp3,Fleetwood Mac-Albatross-58235.mp3,Fleetwood Mac-Albatross-0.mp3
Fleetwood Mac-Albatross-139412.mp3,Fleetwood Mac-Albatross-min.mp3,Fleetwood Mac-Albatross-0.mp3
Fleetwood Mac-Albatross-min.mp3,Fleetwood Mac-Albatross-139412.mp3,Fleetwood Mac-Albatross-random.mp3
