Heart-Alone-14582.mp3,Heart-Alone-0.mp3,Heart-Alone-152833.mp3
Heart-Alone-14582.mp3,Heart-Alone-152833.mp3,Heart-Alone-0.mp3
Heart-Alone-min.mp3,Heart-Alone-78251.mp3,Heart-Alone-152833.mp3
Heart-Alone-152833.mp3,Heart-Alone-min.mp3,Heart-Alone-78251.mp3
Heart-Alone-152833.mp3,Heart-Alone-random.mp3,Heart-Alone-78251.mp3
Heart-Alone-min.mp3,Heart-Alone-152833.mp3,Heart-Alone-0.mp3
Heart-Alone-min.mp3,Heart-Alone-random.mp3,Heart-Alone-0.mp3
Heart-Alone-min.mp3,Heart-Alone-random.mp3,Heart-Alone-0.mp3
Heart-Alone-min.mp3,Heart-Alone-14582.mp3,Heart-Alone-0.mp3
Heart-Alone-min.mp3,Heart-Alone-0.mp3,Heart-Alone-random.mp3
Heart-Alone-152833.mp3,Heart-Alone-14582.mp3,Heart-Alone-78251.mp3
Heart-Alone-152833.mp3,Heart-Alone-random.mp3,Heart-Alone-78251.mp3
Heart-Alone-min.mp3,Heart-Alone-0.mp3,Heart-Alone-random.mp3
Heart-Alone-152833.mp3,Heart-Alone-14582.mp3,Heart-Alone-0.mp3
Heart-Alone-152833.mp3,Heart-Alone-78251.mp3,Heart-Alone-0.mp3
Heart-Alone-152833.mp3,Heart-Alone-14582.mp3,Heart-Alone-random.mp3
Heart-Alone-152833.mp3,Heart-Alone-random.mp3,Heart-Alone-14582.mp3
Heart-Alone-min.mp3,Heart-Alone-78251.mp3,Heart-Alone-random.mp3
Heart-Alone-152833.mp3,Heart-Alone-14582.mp3,Heart-Alone-78251.mp3
Heart-Alone-min.mp3,Heart-Alone-152833.mp3,Heart-Alone-78251.mp3
Heart-Alone-152833.mp3,Heart-Alone-random.mp3,Heart-Alone-0.mp3
Heart-Alone-min.mp3,Heart-Alone-random.mp3,Heart-Alone-78251.mp3
Heart-Alone-78251.mp3,Heart-Alone-14582.mp3,Heart-Alone-random.mp3
Heart-Alone-min.mp3,Heart-Alone-14582.mp3,Heart-Alone-random.mp3
Heart-Alone-14582.mp3,Heart-Alone-78251.mp3,Heart-Alone-random.mp3
Heart-Alone-14582.mp3,Heart-Alone-152833.mp3,Heart-Alone-78251.mp3
Heart-Alone-152833.mp3,Heart-Alone-random.mp3,Heart-Alone-78251.mp3
Heart-Alone-min.mp3,Heart-Alone-78251.mp3,Heart-Alone-0.mp3
Heart-Alone-min.mp3,Heart-Alone-random.mp3,Heart-Alone-152833.mp3
Heart-Alone-78251.mp3,Heart-Alone-0.mp3,Heart-Alone-random.mp3
Heart-Alone-0.mp3,Heart-Alone-14582.mp3,Heart-Alone-min.mp3
Heart-Alone-14582.mp3,Heart-Alone-78251.mp3,Heart-Alone-random.mp3
Heart-Alone-14582.mp3,Heart-Alone-0.mp3,Heart-Alone-152833.mp3
Heart-Alone-min.mp3,Heart-Alone-78251.mp3,Heart-Alone-14582.mp3
Heart-Alone-min.mp3,Heart-Alone-78251.mp3,Heart-Alone-14582.mp3
Heart-Alone-14582.mp3,Heart-Alone-152833.mp3,Heart-Alone-0.mp3
Heart-Alone-random.mp3,Heart-Alone-min.mp3,Heart-Alone-78251.mp3
Heart-Alone-min.mp3,Heart-Alone-152833.mp3,Heart-Alone-78251.mp3
Heart-Alone-min.mp3,Heart-Alone-14582.mp3,Heart-Alone-0.mp3
Heart-Alone-min.mp3,Heart-Alone-0.mp3,Heart-Alone-random.mp3
Heart-Alone-78251.mp3,Heart-Alone-14582.mp3,Heart-Alone-random.mp3
Heart-Alone-min.mp3,Heart-Alone-0.mp3,Heart-Alone-14582.mp3
Heart-Alone-random.mp3,Heart-Alone-78251.mp3,Heart-Alone-0.mp3
Heart-Alone-random.mp3,Heart-Alone-14582.mp3,Heart-Alone-78251.mp3
Heart-Alone-152833.mp3,Heart-Alone-14582.mp3,Heart-Alone-0.mp3
Heart-Alone-152833.mp3,Heart-Alone-14582.mp3,Heart-Alone-78251.mp3
