John Denver-Annie's song-72306.mp3,John Denver-Annie's song-random.mp3,John Denver-Annie's song-185.mp3
John Denver-Annie's song-72306.mp3,John Denver-Annie's song-random.mp3,John Denver-Annie's song-185.mp3
John Denver-Annie's song-min.mp3,John Denver-Annie's song-72306.mp3,John Denver-Annie's song-random.mp3
John Denver-Annie's song-41470.mp3,John Denver-Annie's song-8591.mp3,John Denver-Annie's song-72306.mp3
John Denver-Annie's song-41470.mp3,John Denver-Annie's song-72306.mp3,John Denver-Annie's song-185.mp3
John Denver-Annie's song-41470.mp3,John Denver-Annie's song-min.mp3,John Denver-Annie's song-8591.mp3
John Denver-Annie's song-min.mp3,John Denver-Annie's song-8591.mp3,John Denver-Annie's song-185.mp3
John Denver-Annie's song-8591.mp3,John Denver-Annie's song-41470.mp3,John Denver-Annie's song-random.mp3
John Denver-Annie's song-41470.mp3,John Denver-Annie's song-72306.mp3,John Denver-Annie's song-185.mp3
John Denver-Annie's song-41470.mp3,John Denver-Annie's song-8591.mp3,John Denver-Annie's song-random.mp3
John Denver-Annie's song-min.mp3,John Denver-Annie's song-8591.mp3,John Denver-Annie's song-185.mp3
John Denver-Annie's song-72306.mp3,John Denver-Annie's song-min.mp3,John Denver-Annie's song-185.mp3
John Denver-Annie's song-41470.mp3,John Denver-Annie's song-8591.mp3,John Denver-Annie's song-185.mp3
John Denver-Annie's song-random.mp3,John Denver-Annie's song-min.mp3,John Denver-Annie's song-41470.mp3
John Denver-Annie's song-min.mp3,John Denver-Annie's song-185.mp3,John Denver-Annie's song-random.mp3
John Denver-Annie's song-72306.mp3,John Denver-Annie's song-185.mp3,John Denver-Annie's song-8591.mp3
John Denver-Annie's song-min.mp3,John Denver-Annie's song-185.mp3,John Denver-Annie's song-41470.mp3
John Denver-Annie's song-72306.mp3,John Denver-Annie's song-185.mp3,John Denver-Annie's song-random.mp3
John Denver-Annie's song-8591.mp3,John Denver-Annie's song-72306.mp3,John Denver-Annie's song-185.mp3
John Denver-Annie's song-72306.mp3,John Denver-Annie's song-8591.mp3,John Denver-Annie's song-min.mp3
John Denver-Annie's song-min.mp3,John Denver-Annie's song-41470.mp3,John Denver-Annie's song-random.mp3
John Denver-Annie's song-8591.mp3,John Denver-Annie's song-72306.mp3,John Denver-Annie's song-random.mp3
John Denver-Annie's song-41470.mp3,John Denver-Annie's song-min.mp3,John Denver-Annie's song-random.mp3
John Denver-Annie's song-min.mp3,John Denver-Annie's song-72306.mp3,John Denver-Annie's song-8591.mp3
John Denver-Annie's song-min.mp3,John Denver-Annie's song-41470.mp3,John Denver-Annie's song-random.mp3
John Denver-Annie's song-8591.mp3,John Denver-Annie's song-min.mp3,John Denver-Annie's song-random.mp3
John Denver-Annie's song-min.mp3,John Denver-Annie's song-41470.mp3,John Denver-Annie's song-185.mp3
John Denver-Annie's song-random.mp3,John Denver-Annie's song-72306.mp3,John Denver-Annie's song-min.mp3
John Denver-Annie's song-min.mp3,John Denver-Annie's song-185.mp3,John Denver-Annie's song-41470.mp3
John Denver-Annie's song-min.mp3,John Denver-Annie's song-8591.mp3,John Denver-Annie's song-185.mp3
John Denver-Annie's song-41470.mp3,John Denver-Annie's song-8591.mp3,John Denver-Annie's song-185.mp3
John Denver-Annie's song-min.mp3,John Denver-Annie's song-41470.mp3,John Denver-Annie's song-185.mp3
John Denver-Annie's song-8591.mp3,John Denver-Annie's song-random.mp3,John Denver-Annie's song-41470.mp3
John Denver-Annie's song-41470.mp3,John Denver-Annie's song-185.mp3,John Denver-Annie's song-72306.mp3
John Denver-Annie's song-8591.mp3,John Denver-Annie's song-72306.mp3,John Denver-Annie's song-random.mp3
John Denver-Annie's song-41470.mp3,John Denver-Annie's song-min.mp3,John Denver-Annie's song-8591.mp3
John Denver-Annie's song-8591.mp3,John Denver-Annie's song-41470.mp3,John Denver-Annie's song-random.mp3
John Denver-Annie's song-min.mp3,John Denver-Annie's song-8591.mp3,John Denver-Annie's song-41470.mp3
John Denver-Annie's song-41470.mp3,John Denver-Annie's song-72306.mp3,John Denver-Annie's song-185.mp3
John Denver-Annie's song-72306.mp3,John Denver-Annie's song-random.mp3,John Denver-Annie's song-185.mp3
John Denver-Annie's song-72306.mp3,John Denver-Annie's song-41470.mp3,John Denver-Annie's song-185.mp3
John Denver-Annie's song-72306.mp3,John Denver-Annie's song-8591.mp3,John Denver-Annie's song-185.mp3
