Meat Loaf-Bat out of hell-385404.mp3,Meat Loaf-Bat out of hell-548037.mp3,Meat Loaf-Bat out of hell-random.mp3
Meat Loaf-Bat out of hell-random.mp3,Meat Loaf-Bat out of hell-385404.mp3,Meat Loaf-Bat out of hell-203639.mp3
Meat Loaf-Bat out of hell-random.mp3,Meat Loaf-Bat out of hell-203639.mp3,Meat Loaf-Bat out of hell-385404.mp3
Meat Loaf-Bat out of hell-random.mp3,Meat Loaf-Bat out of hell-385404.mp3,Meat Loaf-Bat out of hell-203639.mp3
Meat Loaf-Bat out of hell-random.mp3,Meat Loaf-Bat out of hell-548037.mp3,Meat Loaf-Bat out of hell-203639.mp3
Meat Loaf-Bat out of hell-min.mp3,Meat Loaf-Bat out of hell-548037.mp3,Meat Loaf-Bat out of hell-203639.mp3
Meat Loaf-Bat out of hell-min.mp3,Meat Loaf-Bat out of hell-0.mp3,Meat Loaf-Bat out of hell-385404.mp3
Meat Loaf-Bat out of hell-548037.mp3,Meat Loaf-Bat out of hell-min.mp3,Meat Loaf-Bat out of hell-0.mp3
Meat Loaf-Bat out of hell-min.mp3,Meat Loaf-Bat out of hell-385404.mp3,Meat Loaf-Bat out of hell-203639.mp3
Meat Loaf-Bat out of hell-548037.mp3,Meat Loaf-Bat out of hell-203639.mp3,Meat Loaf-Bat out of hell-385404.mp3
Meat Loaf-Bat out of hell-385404.mp3,Meat Loaf-Bat out of hell-203639.mp3,Meat Loaf-Bat out of hell-min.mp3
Meat Loaf-Bat out of hell-min.mp3,Meat Loaf-Bat out of hell-203639.mp3,Meat Loaf-Bat out of hell-385404.mp3
Meat Loaf-Bat out of hell-random.mp3,Meat Loaf-Bat out of hell-385404.mp3,Meat Loaf-Bat out of hell-548037.mp3
Meat Loaf-Bat out of hell-random.mp3,Meat Loaf-Bat out of hell-min.mp3,Meat Loaf-Bat out of hell-0.mp3
Meat Loaf-Bat out of hell-random.mp3,Meat Loaf-Bat out of hell-0.mp3,Meat Loaf-Bat out of hell-203639.mp3
Meat Loaf-Bat out of hell-385404.mp3,Meat Loaf-Bat out of hell-min.mp3,Meat Loaf-Bat out of hell-203639.mp3
Meat Loaf-Bat out of hell-385404.mp3,Meat Loaf-Bat out of hell-0.mp3,Meat Loaf-Bat out of hell-random.mp3
Meat Loaf-Bat out of hell-random.mp3,Meat Loaf-Bat out of hell-548037.mp3,Meat Loaf-Bat out of hell-0.mp3
Meat Loaf-Bat out of hell-min.mp3,Meat Loaf-Bat out of hell-385404.mp3,Meat Loaf-Bat out of hell-548037.mp3
Meat Loaf-Bat out of hell-random.mp3,Meat Loaf-Bat out of hell-548037.mp3,Meat Loaf-Bat out of hell-385404.mp3
Meat Loaf-Bat out of hell-0.mp3,Meat Loaf-Bat out of hell-548037.mp3,Meat Loaf-Bat out of hell-203639.mp3
Meat Loaf-Bat out of hell-random.mp3,Meat Loaf-Bat out of hell-385404.mp3,Meat Loaf-Bat out of hell-548037.mp3
Meat Loaf-Bat out of hell-random.mp3,Meat Loaf-Bat out of hell-385404.mp3,Meat Loaf-Bat out of hell-203639.mp3
Meat Loaf-Bat out of hell-385404.mp3,Meat Loaf-Bat out of hell-0.mp3,Meat Loaf-Bat out of hell-random.mp3
Meat Loaf-Bat out of hell-random.mp3,Meat Loaf-Bat out of hell-385404.mp3,Meat Loaf-Bat out of hell-0.mp3
Meat Loaf-Bat out of hell-0.mp3,Meat Loaf-Bat out of hell-min.mp3,Meat Loaf-Bat out of hell-385404.mp3
Meat Loaf-Bat out of hell-385404.mp3,Meat Loaf-Bat out of hell-203639.mp3,Meat Loaf-Bat out of hell-548037.mp3
Meat Loaf-Bat out of hell-548037.mp3,Meat Loaf-Bat out of hell-0.mp3,Meat Loaf-Bat out of hell-min.mp3
Meat Loaf-Bat out of hell-min.mp3,Meat Loaf-Bat out of hell-203639.mp3,Meat Loaf-Bat out of hell-548037.mp3
Meat Loaf-Bat out of hell-random.mp3,Meat Loaf-Bat out of hell-0.mp3,Meat Loaf-Bat out of hell-min.mp3
Meat Loaf-Bat out of hell-548037.mp3,Meat Loaf-Bat out of hell-random.mp3,Meat Loaf-Bat out of hell-203639.mp3
Meat Loaf-Bat out of hell-203639.mp3,Meat Loaf-Bat out of hell-min.mp3,Meat Loaf-Bat out of hell-548037.mp3
Meat Loaf-Bat out of hell-548037.mp3,Meat Loaf-Bat out of hell-random.mp3,Meat Loaf-Bat out of hell-0.mp3
Meat Loaf-Bat out of hell-0.mp3,Meat Loaf-Bat out of hell-random.mp3,Meat Loaf-Bat out of hell-548037.mp3
Meat Loaf-Bat out of hell-385404.mp3,Meat Loaf-Bat out of hell-random.mp3,Meat Loaf-Bat out of hell-203639.mp3
Meat Loaf-Bat out of hell-min.mp3,Meat Loaf-Bat out of hell-203639.mp3,Meat Loaf-Bat out of hell-548037.mp3
Meat Loaf-Bat out of hell-548037.mp3,Meat Loaf-Bat out of hell-0.mp3,Meat Loaf-Bat out of hell-min.mp3
Meat Loaf-Bat out of hell-random.mp3,Meat Loaf-Bat out of hell-203639.mp3,Meat Loaf-Bat out of hell-0.mp3
Meat Loaf-Bat out of hell-min.mp3,Meat Loaf-Bat out of hell-0.mp3,Meat Loaf-Bat out of hell-385404.mp3
Meat Loaf-Bat out of hell-385404.mp3,Meat Loaf-Bat out of hell-548037.mp3,Meat Loaf-Bat out of hell-203639.mp3
Meat Loaf-Bat out of hell-random.mp3,Meat Loaf-Bat out of hell-385404.mp3,Meat Loaf-Bat out of hell-203639.mp3
Meat Loaf-Bat out of hell-random.mp3,Meat Loaf-Bat out of hell-385404.mp3,Meat Loaf-Bat out of hell-0.mp3
Meat Loaf-Bat out of hell-548037.mp3,Meat Loaf-Bat out of hell-385404.mp3,Meat Loaf-Bat out of hell-min.mp3
