Foo Fighters-Best of you-0.mp3,Foo Fighters-Best of you-min.mp3,Foo Fighters-Best of you-47229.mp3
Foo Fighters-Best of you-0.mp3,Foo Fighters-Best of you-random.mp3,Foo Fighters-Best of you-min.mp3
Foo Fighters-Best of you-47229.mp3,Foo Fighters-Best of you-179815.mp3,Foo Fighters-Best of you-min.mp3
Foo Fighters-Best of you-min.mp3,Foo Fighters-Best of you-208468.mp3,Foo Fighters-Best of you-47229.mp3
Foo Fighters-Best of you-0.mp3,Foo Fighters-Best of you-min.mp3,Foo Fighters-Best of you-179815.mp3
Foo Fighters-Best of you-random.mp3,Foo Fighters-Best of you-179815.mp3,Foo Fighters-Best of you-0.mp3
Foo Fighters-Best of you-min.mp3,Foo Fighters-Best of you-0.mp3,Foo Fighters-Best of you-179815.mp3
Foo Fighters-Best of you-random.mp3,Foo Fighters-Best of you-179815.mp3,Foo Fighters-Best of you-0.mp3
Foo Fighters-Best of you-208468.mp3,Foo Fighters-Best of you-47229.mp3,Foo Fighters-Best of you-random.mp3
Foo Fighters-Best of you-208468.mp3,Foo Fighters-Best of you-47229.mp3,Foo Fighters-Best of you-random.mp3
Foo Fighters-Best of you-47229.mp3,Foo Fighters-Best of you-min.mp3,Foo Fighters-Best of you-random.mp3
Foo Fighters-Best of you-0.mp3,Foo Fighters-Best of you-47229.mp3,Foo Fighters-Best of you-random.mp3
Foo Fighters-Best of you-random.mp3,Foo Fighters-Best of you-0.mp3,Foo Fighters-Best of you-179815.mp3
Foo Fighters-Best of you-47229.mp3,Foo Fighters-Best of you-random.mp3,Foo Fighters-Best of you-179815.mp3
Foo Fighters-Best of you-random.mp3,Foo Fighters-Best of you-0.mp3,Foo Fighters-Best of you-47229.mp3
Foo Fighters-Best of you-208468.mp3,Foo Fighters-Best of you-random.mp3,Foo Fighters-Best of you-0.mp3
Foo Fighters-Best of you-47229.mp3,Foo Fighters-Best of you-random.mp3,Foo Fighters-Best of you-0.mp3
Foo Fighters-Best of you-min.mp3,Foo Fighters-Best of you-47229.mp3,Foo Fighters-Best of you-0.mp3
Foo Fighters-Best of you-random.mp3,Foo Fighters-Best of you-47229.mp3,Foo Fighters-Best of you-0.mp3
Foo Fighters-Best of you-47229.mp3,Foo Fighters-Best of you-min.mp3,Foo Fighters-Best of you-179815.mp3
Foo Fighters-Best of you-47229.mp3,Foo Fighters-Best of you-random.mp3,Foo Fighters-Best of you-179815.mp3
Foo Fighters-Best of you-0.mp3,Foo Fighters-Best of you-208468.mp3,Foo Fighters-Best of you-min.mp3
Foo Fighters-Best of you-random.mp3,Foo Fighters-Best of you-208468.mp3,Foo Fighters-Best of you-47229.mp3
Foo Fighters-Best of you-0.mp3,Foo Fighters-Best of you-179815.mp3,Foo Fighters-Best of you-47229.mp3
Foo Fighters-Best of you-208468.mp3,Foo Fighters-Best of you-min.mp3,Foo Fighters-Best of you-179815.mp3
Foo Fighters-Best of you-random.mp3,Foo Fighters-Best of you-min.mp3,Foo Fighters-Best of you-47229.mp3
Foo Fighters-Best of you-random.mp3,Foo Fighters-Best of you-47229.mp3,Foo Fighters-Best of you-0.mp3
Foo Fighters-Best of you-0.mp3,Foo Fighters-Best of you-179815.mp3,Foo Fighters-Best of you-min.mp3
Foo Fighters-Best of you-179815.mp3,Foo Fighters-Best of you-47229.mp3,Foo Fighters-Best of you-random.mp3
Foo Fighters-Best of you-random.mp3,Foo Fighters-Best of you-min.mp3,Foo Fighters-Best of you-208468.mp3
Foo Fighters-Best of you-min.mp3,Foo Fighters-Best of you-random.mp3,Foo Fighters-Best of you-0.mp3
Foo Fighters-Best of you-min.mp3,Foo Fighters-Best of you-47229.mp3,Foo Fighters-Best of you-0.mp3
Foo Fighters-Best of you-min.mp3,Foo Fighters-Best of you-179815.mp3,Foo Fighters-Best of you-random.mp3
Foo Fighters-Best of you-208468.mp3,Foo Fighters-Best of you-0.mp3,Foo Fighters-Best of you-47229.mp3
Foo Fighters-Best of you-min.mp3,Foo Fighters-Best of you-random.mp3,Foo Fighters-Best of you-179815.mp3
Foo Fighters-Best of you-min.mp3,Foo Fighters-Best of you-47229.mp3,Foo Fighters-Best of you-random.mp3
Foo Fighters-Best of you-179815.mp3,Foo Fighters-Best of you-47229.mp3,Foo Fighters-Best of you-0.mp3
Foo Fighters-Best of you-47229.mp3,Foo Fighters-Best of you-random.mp3,Foo Fighters-Best of you-179815.mp3
Foo Fighters-Best of you-47229.mp3,Foo Fighters-Best of you-random.mp3,Foo Fighters-Best of you-min.mp3
Foo Fighters-Best of you-47229.mp3,Foo Fighters-Best of you-min.mp3,Foo Fighters-Best of you-random.mp3
Foo Fighters-Best of you-208468.mp3,Foo Fighters-Best of you-179815.mp3,Foo Fighters-Best of you-min.mp3
Foo Fighters-Best of you-208468.mp3,Foo Fighters-Best of you-random.mp3,Foo Fighters-Best of you-47229.mp3
Foo Fighters-Best of you-208468.mp3,Foo Fighters-Best of you-random.mp3,Foo Fighters-Best of you-min.mp3
Foo Fighters-Best of you-208468.mp3,Foo Fighters-Best of you-random.mp3,Foo Fighters-Best of you-0.mp3
