Arctic Monkeys-Do I wanna know-random.mp3,Arctic Monkeys-Do I wanna know-159892.mp3,Arctic Monkeys-Do I wanna know-207168.mp3
Arctic Monkeys-Do I wanna know-min.mp3,Arctic Monkeys-Do I wanna know-159892.mp3,Arctic Monkeys-Do I wanna know-0.mp3
Arctic Monkeys-Do I wanna know-207168.mp3,Arctic Monkeys-Do I wanna know-159892.mp3,Arctic Monkeys-Do I wanna know-random.mp3
Arctic Monkeys-Do I wanna know-159892.mp3,Arctic Monkeys-Do I wanna know-207168.mp3,Arctic Monkeys-Do I wanna know-min.mp3
Arctic Monkeys-Do I wanna know-207168.mp3,Arctic Monkeys-Do I wanna know-random.mp3,Arctic Monkeys-Do I wanna know-0.mp3
Arctic Monkeys-Do I wanna know-0.mp3,Arctic Monkeys-Do I wanna know-207168.mp3,Arctic Monkeys-Do I wanna know-random.mp3
Arctic Monkeys-Do I wanna know-248825.mp3,Arctic Monkeys-Do I wanna know-min.mp3,Arctic Monkeys-Do I wanna know-0.mp3
Arctic Monkeys-Do I wanna know-min.mp3,Arctic Monkeys-Do I wanna know-159892.mp3,Arctic Monkeys-Do I wanna know-random.mp3
Arctic Monkeys-Do I wanna know-207168.mp3,Arctic Monkeys-Do I wanna know-random.mp3,Arctic Monkeys-Do I wanna know-248825.mp3
Arctic Monkeys-Do I wanna know-248825.mp3,Arctic Monkeys-Do I wanna know-0.mp3,Arctic Monkeys-Do I wanna know-159892.mp3
Arctic Monkeys-Do I wanna know-min.mp3,Arctic Monkeys-Do I wanna know-207168.mp3,Arctic Monkeys-Do I wanna know-random.mp3
Arctic Monkeys-Do I wanna know-159892.mp3,Arctic Monkeys-Do I wanna know-248825.mp3,Arctic Monkeys-Do I wanna know-random.mp3
Arctic Monkeys-Do I wanna know-207168.mp3,Arctic Monkeys-Do I wanna know-159892.mp3,Arctic Monkeys-Do I wanna know-248825.mp3
Arctic Monkeys-Do I wanna know-min.mp3,Arctic Monkeys-Do I wanna know-159892.mp3,Arctic Monkeys-Do I wanna know-random.mp3
Arctic Monkeys-Do I wanna know-159892.mp3,Arctic Monkeys-Do I wanna know-207168.mp3,Arctic Monkeys-Do I wanna know-random.mp3
Arctic Monkeys-Do I wanna know-159892.mp3,Arctic Monkeys-Do I wanna know-207168.mp3,Arctic Monkeys-Do I wanna know-248825.mp3
Arctic Monkeys-Do I wanna know-207168.mp3,Arctic Monkeys-Do I wanna know-min.mp3,Arctic Monkeys-Do I wanna know-random.mp3
Arctic Monkeys-Do I wanna know-207168.mp3,Arctic Monkeys-Do I wanna know-159892.mp3,Arctic Monkeys-Do I wanna know-248825.mp3
Arctic Monkeys-Do I wanna know-207168.mp3,Arctic Monkeys-Do I wanna know-0.mp3,Arctic Monkeys-Do I wanna know-random.mp3
Arctic Monkeys-Do I wanna know-min.mp3,Arctic Monkeys-Do I wanna know-random.mp3,Arctic Monkeys-Do I wanna know-207168.mp3
Arctic Monkeys-Do I wanna know-207168.mp3,Arctic Monkeys-Do I wanna know-0.mp3,Arctic Monkeys-Do I wanna know-159892.mp3
Arctic Monkeys-Do I wanna know-207168.mp3,Arctic Monkeys-Do I wanna know-random.mp3,Arctic Monkeys-Do I wanna know-0.mp3
Arctic Monkeys-Do I wanna know-min.mp3,Arctic Monkeys-Do I wanna know-0.mp3,Arctic Monkeys-Do I wanna know-207168.mp3
Arctic Monkeys-Do I wanna know-207168.mp3,Arctic Monkeys-Do I wanna know-min.mp3,Arctic Monkeys-Do I wanna know-random.mp3
Arctic Monkeys-Do I wanna know-248825.mp3,Arctic Monkeys-Do I wanna know-random.mp3,Arctic Monkeys-Do I wanna know-min.mp3
Arctic Monkeys-Do I wanna know-random.mp3,Arctic Monkeys-Do I wanna know-0.mp3,Arctic Monkeys-Do I wanna know-248825.mp3
Arctic Monkeys-Do I wanna know-min.mp3,Arctic Monkeys-Do I wanna know-0.mp3,Arctic Monkeys-Do I wanna know-248825.mp3
Arctic Monkeys-Do I wanna know-random.mp3,Arctic Monkeys-Do I wanna know-207168.mp3,Arctic Monkeys-Do I wanna know-248825.mp3
Arctic Monkeys-Do I wanna know-0.mp3,Arctic Monkeys-Do I wanna know-min.mp3,Arctic Monkeys-Do I wanna know-random.mp3
Arctic Monkeys-Do I wanna know-207168.mp3,Arctic Monkeys-Do I wanna know-0.mp3,Arctic Monkeys-Do I wanna know-248825.mp3
Arctic Monkeys-Do I wanna know-159892.mp3,Arctic Monkeys-Do I wanna know-207168.mp3,Arctic Monkeys-Do I wanna know-min.mp3
Arctic Monkeys-Do I wanna know-min.mp3,Arctic Monkeys-Do I wanna know-random.mp3,Arctic Monkeys-Do I wanna know-0.mp3
Arctic Monkeys-Do I wanna know-159892.mp3,Arctic Monkeys-Do I wanna know-0.mp3,Arctic Monkeys-Do I wanna know-248825.mp3
Arctic Monkeys-Do I wanna know-0.mp3,Arctic Monkeys-Do I wanna know-207168.mp3,Arctic Monkeys-Do I wanna know-248825.mp3
Arctic Monkeys-Do I wanna know-207168.mp3,Arctic Monkeys-Do I wanna know-248825.mp3,Arctic Monkeys-Do I wanna know-159892.mp3
Arctic Monkeys-Do I wanna know-207168.mp3,Arctic Monkeys-Do I wanna know-min.mp3,Arctic Monkeys-Do I wanna know-159892.mp3
Arctic Monkeys-Do I wanna know-random.mp3,Arctic Monkeys-Do I wanna know-207168.mp3,Arctic Monkeys-Do I wanna know-0.mp3
Arctic Monkeys-Do I wanna know-min.mp3,Arctic Monkeys-Do I wanna know-159892.mp3,Arctic Monkeys-Do I wanna know-0.mp3
Arctic Monkeys-Do I wanna know-207168.mp3,Arctic Monkeys-Do I wanna know-random.mp3,Arctic Monkeys-Do I wanna know-248825.mp3
Arctic Monkeys-Do I wanna know-207168.mp3,Arctic Monkeys-Do I wanna know-0.mp3,Arctic Monkeys-Do I wanna know-min.mp3
Arctic Monkeys-Do I wanna know-random.mp3,Arctic Monkeys-Do I wanna know-0.mp3,Arctic Monkeys-Do I wanna know-248825.mp3
Arctic Monkeys-Do I wanna know-159892.mp3,Arctic Monkeys-Do I wanna know-min.mp3,Arctic Monkeys-Do I wanna know-random.mp3
Arctic Monkeys-Do I wanna know-207168.mp3,Arctic Monkeys-Do I wanna know-248825.mp3,Arctic Monkeys-Do I wanna know-random.mp3
