George Michael-Don't let the sun go down on me-320388.mp3,George Michael-Don't let the sun go down on me-random.mp3,George Michael-Don't let the sun go down on me-min.mp3
George Michael-Don't let the sun go down on me-random.mp3,George Michael-Don't let the sun go down on me-min.mp3,George Michael-Don't let the sun go down on me-79272.mp3
George Michael-Don't let the sun go down on me-random.mp3,George Michael-Don't let the sun go down on me-220125.mp3,George Michael-Don't let the sun go down on me-79272.mp3
George Michael-Don't let the sun go down on me-random.mp3,George Michael-Don't let the sun go down on me-79272.mp3,George Michael-Don't let the sun go down on me-min.mp3
George Michael-Don't let the sun go down on me-283237.mp3,George Michael-Don't let the sun go down on me-random.mp3,George Michael-Don't let the sun go down on me-220125.mp3
George Michael-Don't let the sun go down on me-random.mp3,George Michael-Don't let the sun go down on me-79272.mp3,George Michael-Don't let the sun go down on me-320388.mp3
George Michael-Don't let the sun go down on me-79272.mp3,George Michael-Don't let the sun go down on me-random.mp3,George Michael-Don't let the sun go down on me-320388.mp3
George Michael-Don't let the sun go down on me-220125.mp3,George Michael-Don't let the sun go down on me-min.mp3,George Michael-Don't let the sun go down on me-320388.mp3
George Michael-Don't let the sun go down on me-283237.mp3,George Michael-Don't let the sun go down on me-220125.mp3,George Michael-Don't let the sun go down on me-320388.mp3
George Michael-Don't let the sun go down on me-283237.mp3,George Michael-Don't let the sun go down on me-79272.mp3,George Michael-Don't let the sun go down on me-320388.mp3
George Michael-Don't let the sun go down on me-random.mp3,George Michael-Don't let the sun go down on me-220125.mp3,George Michael-Don't let the sun go down on me-min.mp3
George Michael-Don't let the sun go down on me-random.mp3,George Michael-Don't let the sun go down on me-min.mp3,George Michael-Don't let the sun go down on me-320388.mp3
George Michael-Don't let the sun go down on me-random.mp3,George Michael-Don't let the sun go down on me-220125.mp3,George Michael-Don't let the sun go down on me-320388.mp3
George Michael-Don't let the sun go down on me-79272.mp3,George Michael-Don't let the sun go down on me-min.mp3,George Michael-Don't let the sun go down on me-320388.mp3
George Michael-Don't let the sun go down on me-283237.mp3,George Michael-Don't let the sun go down on me-220125.mp3,George Michael-Don't let the sun go down on me-min.mp3
George Michael-Don't let the sun go down on me-283237.mp3,George Michael-Don't let the sun go down on me-220125.mp3,George Michael-Don't let the sun go down on me-320388.mp3
George Michael-Don't let the sun go down on me-79272.mp3,George Michael-Don't let the sun go down on me-220125.mp3,George Michael-Don't let the sun go down on me-min.mp3
George Michael-Don't let the sun go down on me-random.mp3,George Michael-Don't let the sun go down on me-283237.mp3,George Michael-Don't let the sun go down on me-320388.mp3
George Michael-Don't let the sun go down on me-min.mp3,George Michael-Don't let the sun go down on me-79272.mp3,George Michael-Don't let the sun go down on me-320388.mp3
George Michael-Don't let the sun go down on me-random.mp3,George Michael-Don't let the sun go down on me-220125.mp3,George Michael-Don't let the sun go down on me-79272.mp3
George Michael-Don't let the sun go down on me-220125.mp3,George Michael-Don't let the sun go down on me-random.mp3,George Michael-Don't let the sun go down on me-320388.mp3
George Michael-Don't let the sun go down on me-283237.mp3,George Michael-Don't let the sun go down on me-320388.mp3,George Michael-Don't let the sun go down on me-79272.mp3
George Michael-Don't let the sun go down on me-random.mp3,George Michael-Don't let the sun go down on me-min.mp3,George Michael-Don't let the sun go down on me-79272.mp3
George Michael-Don't let the sun go down on me-random.mp3,George Michael-Don't let the sun go down on me-320388.mp3,George Michael-Don't let the sun go down on me-283237.mp3
George Michael-Don't let the sun go down on me-79272.mp3,George Michael-Don't let the sun go down on me-min.mp3,George Michael-Don't let the sun go down on me-320388.mp3
George Michael-Don't let the sun go down on me-320388.mp3,George Michael-Don't let the sun go down on me-min.mp3,George Michael-Don't let the sun go down on me-79272.mp3
George Michael-Don't let the sun go down on me-79272.mp3,George Michael-Don't let the sun go down on me-min.mp3,George Michael-Don't let the sun go down on me-283237.mp3
George Michael-Don't let the sun go down on me-random.mp3,George Michael-Don't let the sun go down on me-283237.mp3,George Michael-Don't let the sun go down on me-320388.mp3
George Michael-Don't let the sun go down on me-random.mp3,George Michael-Don't let the sun go down on me-79272.mp3,George Michael-Don't let the sun go down on me-min.mp3
George Michael-Don't let the sun go down on me-random.mp3,George Michael-Don't let the sun go down on me-283237.mp3,George Michael-Don't let the sun go down on me-220125.mp3
George Michael-Don't let the sun go down on me-random.mp3,George Michael-Don't let the sun go down on me-220125.mp3,George Michael-Don't let the sun go down on me-283237.mp3
George Michael-Don't let the sun go down on me-random.mp3,George Michael-Don't let the sun go down on me-min.mp3,George Michael-Don't let the sun go down on me-220125.mp3
George Michael-Don't let the sun go down on me-283237.mp3,George Michael-Don't let the sun go down on me-79272.mp3,George Michael-Don't let the sun go down on me-220125.mp3
George Michael-Don't let the sun go down on me-79272.mp3,George Michael-Don't let the sun go down on me-320388.mp3,George Michael-Don't let the sun go down on me-min.mp3
George Michael-Don't let the sun go down on me-random.mp3,George Michael-Don't let the sun go down on me-283237.mp3,George Michael-Don't let the sun go down on me-min.mp3
George Michael-Don't let the sun go down on me-283237.mp3,George Michael-Don't let the sun go down on me-320388.mp3,George Michael-Don't let the sun go down on me-79272.mp3
George Michael-Don't let the sun go down on me-random.mp3,George Michael-Don't let the sun go down on me-220125.mp3,George Michael-Don't let the sun go down on me-79272.mp3
George Michael-Don't let the sun go down on me-random.mp3,George Michael-Don't let the sun go down on me-min.mp3,George Michael-Don't let the sun go down on me-320388.mp3
George Michael-Don't let the sun go down on me-220125.mp3,George Michael-Don't let the sun go down on me-min.mp3,George Michael-Don't let the sun go down on me-79272.mp3
George Michael-Don't let the sun go down on me-220125.mp3,George Michael-Don't let the sun go down on me-min.mp3,George Michael-Don't let the sun go down on me-79272.mp3
George Michael-Don't let the sun go down on me-random.mp3,George Michael-Don't let the sun go down on me-283237.mp3,George Michael-Don't let the sun go down on me-220125.mp3
George Michael-Don't let the sun go down on me-random.mp3,George Michael-Don't let the sun go down on me-283237.mp3,George Michael-Don't let the sun go down on me-min.mp3
