Rammstein-Du hast-371.mp3,Rammstein-Du hast-min.mp3,Rammstein-Du hast-45511.mp3
Rammstein-Du hast-31672.mp3,Rammstein-Du hast-min.mp3,Rammstein-Du hast-random.mp3
Rammstein-Du hast-31672.mp3,Rammstein-Du hast-min.mp3,Rammstein-Du hast-16114.mp3
Rammstein-Du hast-31672.mp3,Rammstein-Du hast-371.mp3,Rammstein-Du hast-random.mp3
Rammstein-Du hast-31672.mp3,Rammstein-Du hast-371.mp3,Rammstein-Du hast-random.mp3
Rammstein-Du hast-min.mp3,Rammstein-Du hast-45511.mp3,Rammstein-Du hast-random.mp3
Rammstein-Du hast-45511.mp3,Rammstein-Du hast-31672.mp3,Rammstein-Du hast-371.mp3
Rammstein-Du hast-45511.mp3,Rammstein-Du hast-31672.mp3,Rammstein-Du hast-random.mp3
Rammstein-Du hast-min.mp3,Rammstein-Du hast-45511.mp3,Rammstein-Du hast-31672.mp3
Rammstein-Du hast-45511.mp3,Rammstein-Du hast-min.mp3,Rammstein-Du hast-31672.mp3
Rammstein-Du hast-16114.mp3,Rammstein-Du hast-45511.mp3,Rammstein-Du hast-random.mp3
Rammstein-Du hast-31672.mp3,Rammstein-Du hast-random.mp3,Rammstein-Du hast-371.mp3
Rammstein-Du hast-min.mp3,Rammstein-Du hast-31672.mp3,Rammstein-Du hast-random.mp3
Rammstein-Du hast-16114.mp3,Rammstein-Du hast-31672.mp3,Rammstein-Du hast-371.mp3
Rammstein-Du hast-45511.mp3,Rammstein-Du hast-16114.mp3,Rammstein-Du hast-random.mp3
Rammstein-Du hast-min.mp3,Rammstein-Du hast-45511.mp3,Rammstein-Du hast-31672.mp3
Rammstein-Du hast-45511.mp3,Rammstein-Du hast-31672.mp3,Rammstein-Du hast-random.mp3
Rammstein-Du hast-16114.mp3,Rammstein-Du hast-min.mp3,Rammstein-Du hast-31672.mp3
Rammstein-Du hast-16114.mp3,Rammstein-Du hast-min.mp3,Rammstein-Du hast-31672.mp3
Rammstein-Du hast-min.mp3,Rammstein-Du hast-45511.mp3,Rammstein-Du hast-371.mp3
Rammstein-Du hast-31672.mp3,Rammstein-Du hast-371.mp3,Rammstein-Du hast-random.mp3
Rammstein-Du hast-31672.mp3,Rammstein-Du hast-min.mp3,Rammstein-Du hast-random.mp3
Rammstein-Du hast-random.mp3,Rammstein-Du hast-16114.mp3,Rammstein-Du hast-371.mp3
Rammstein-Du hast-45511.mp3,Rammstein-Du hast-random.mp3,Rammstein-Du hast-371.mp3
Rammstein-Du hast-45511.mp3,Rammstein-Du hast-371.mp3,Rammstein-Du hast-min.mp3
Rammstein-Du hast-random.mp3,Rammstein-Du hast-371.mp3,Rammstein-Du hast-31672.mp3
Rammstein-Du hast-16114.mp3,Rammstein-Du hast-45511.mp3,Rammstein-Du hast-31672.mp3
Rammstein-Du hast-45511.mp3,Rammstein-Du hast-random.mp3,Rammstein-Du hast-16114.mp3
Rammstein-Du hast-45511.mp3,Rammstein-Du hast-371.mp3,Rammstein-Du hast-16114.mp3
Rammstein-Du hast-371.mp3,Rammstein-Du hast-45511.mp3,Rammstein-Du hast-min.mp3
Rammstein-Du hast-31672.mp3,Rammstein-Du hast-16114.mp3,Rammstein-Du hast-min.mp3
Rammstein-Du hast-min.mp3,Rammstein-Du hast-31672.mp3,Rammstein-Du hast-random.mp3
Rammstein-Du hast-min.mp3,Rammstein-Du hast-random.mp3,Rammstein-Du hast-16114.mp3
Rammstein-Du hast-371.mp3,Rammstein-Du hast-random.mp3,Rammstein-Du hast-45511.mp3
Rammstein-Du hast-random.mp3,Rammstein-Du hast-min.mp3,Rammstein-Du hast-371.mp3
Rammstein-Du hast-45511.mp3,Rammstein-Du hast-16114.mp3,Rammstein-Du hast-371.mp3
Rammstein-Du hast-16114.mp3,Rammstein-Du hast-31672.mp3,Rammstein-Du hast-random.mp3
Rammstein-Du hast-min.mp3,Rammstein-Du hast-31672.mp3,Rammstein-Du hast-16114.mp3
Rammstein-Du hast-min.mp3,Rammstein-Du hast-45511.mp3,Rammstein-Du hast-16114.mp3
Rammstein-Du hast-31672.mp3,Rammstein-Du hast-min.mp3,Rammstein-Du hast-random.mp3
Rammstein-Du hast-31672.mp3,Rammstein-Du hast-16114.mp3,Rammstein-Du hast-371.mp3
Rammstein-Du hast-random.mp3,Rammstein-Du hast-371.mp3,Rammstein-Du hast-min.mp3
Rammstein-Du hast-45511.mp3,Rammstein-Du hast-16114.mp3,Rammstein-Du hast-371.mp3
Rammstein-Du hast-16114.mp3,Rammstein-Du hast-min.mp3,Rammstein-Du hast-371.mp3
Rammstein-Du hast-31672.mp3,Rammstein-Du hast-random.mp3,Rammstein-Du hast-371.mp3
Rammstein-Du hast-45511.mp3,Rammstein-Du hast-371.mp3,Rammstein-Du hast-random.mp3
Rammstein-Du hast-45511.mp3,Rammstein-Du hast-random.mp3,Rammstein-Du hast-16114.mp3
