Coolio-Gangsta's paradise-73839.mp3,Coolio-Gangsta's paradise-100821.mp3,Coolio-Gangsta's paradise-122601.mp3
Coolio-Gangsta's paradise-73839.mp3,Coolio-Gangsta's paradise-random.mp3,Coolio-Gangsta's paradise-100821.mp3
Coolio-Gangsta's paradise-100821.mp3,Coolio-Gangsta's paradise-214134.mp3,Coolio-Gangsta's paradise-73839.mp3
Coolio-Gangsta's paradise-min.mp3,Coolio-Gangsta's paradise-100821.mp3,Coolio-Gangsta's paradise-random.mp3
Coolio-Gangsta's paradise-min.mp3,Coolio-Gangsta's paradise-73839.mp3,Coolio-Gangsta's paradise-random.mp3
Coolio-Gangsta's paradise-min.mp3,Coolio-Gangsta's paradise-214134.mp3,Coolio-Gangsta's paradise-random.mp3
Coolio-Gangsta's paradise-random.mp3,Coolio-Gangsta's paradise-214134.mp3,Coolio-Gangsta's paradise-73839.mp3
Coolio-Gangsta's paradise-min.mp3,Coolio-Gangsta's paradise-214134.mp3,Coolio-Gangsta's paradise-100821.mp3
Coolio-Gangsta's paradise-100821.mp3,Coolio-Gangsta's paradise-214134.mp3,Coolio-Gangsta's paradise-random.mp3
Coolio-Gangsta's paradise-min.mp3,Coolio-Gangsta's paradise-122601.mp3,Coolio-Gangsta's paradise-100821.mp3
Coolio-Gangsta's paradise-min.mp3,Coolio-Gangsta's paradise-73839.mp3,Coolio-Gangsta's paradise-random.mp3
Coolio-Gangsta's paradise-122601.mp3,Coolio-Gangsta's paradise-min.mp3,Coolio-Gangsta's paradise-random.mp3
Coolio-Gangsta's paradise-122601.mp3,Coolio-Gangsta's paradise-min.mp3,Coolio-Gangsta's paradise-214134.mp3
Coolio-Gangsta's paradise-min.mp3,Coolio-Gangsta's paradise-73839.mp3,Coolio-Gangsta's paradise-214134.mp3
Coolio-Gangsta's paradise-min.mp3,Coolio-Gangsta's paradise-122601.mp3,Coolio-Gangsta's paradise-random.mp3
Coolio-Gangsta's paradise-100821.mp3,Coolio-Gangsta's paradise-min.mp3,Coolio-Gangsta's paradise-random.mp3
Coolio-Gangsta's paradise-min.mp3,Coolio-Gangsta's paradise-214134.mp3,Coolio-Gangsta's paradise-73839.mp3
Coolio-Gangsta's paradise-min.mp3,Coolio-Gangsta's paradise-random.mp3,Coolio-Gangsta's paradise-73839.mp3
Coolio-Gangsta's paradise-100821.mp3,Coolio-Gangsta's paradise-random.mp3,Coolio-Gangsta's paradise-214134.mp3
Coolio-Gangsta's paradise-122601.mp3,Coolio-Gangsta's paradise-73839.mp3,Coolio-Gangsta's paradise-100821.mp3
Coolio-Gangsta's paradise-100821.mp3,Coolio-Gangsta's paradise-min.mp3,Coolio-Gangsta's paradise-73839.mp3
Coolio-Gangsta's paradise-100821.mp3,Coolio-Gangsta's paradise-122601.mp3,Coolio-Gangsta's paradise-214134.mp3
Coolio-Gangsta's paradise-122601.mp3,Coolio-Gangsta's paradise-random.mp3,Coolio-Gangsta's paradise-100821.mp3
Coolio-Gangsta's paradise-214134.mp3,Coolio-Gangsta's paradise-min.mp3,Coolio-Gangsta's paradise-73839.mp3
Coolio-Gangsta's paradise-122601.mp3,Coolio-Gangsta's paradise-random.mp3,Coolio-Gangsta's paradise-214134.mp3
Coolio-Gangsta's paradise-random.mp3,Coolio-Gangsta's paradise-214134.mp3,Coolio-Gangsta's paradise-73839.mp3
Coolio-Gangsta's paradise-214134.mp3,Coolio-Gangsta's paradise-min.mp3,Coolio-Gangsta's paradise-random.mp3
Coolio-Gangsta's paradise-min.mp3,Coolio-Gangsta's paradise-100821.mp3,Coolio-Gangsta's paradise-73839.mp3
Coolio-Gangsta's paradise-122601.mp3,Coolio-Gangsta's paradise-214134.mp3,Coolio-Gangsta's paradise-73839.mp3
Coolio-Gangsta's paradise-100821.mp3,Coolio-Gangsta's paradise-min.mp3,Coolio-Gangsta's paradise-random.mp3
Coolio-Gangsta's paradise-122601.mp3,Coolio-Gangsta's paradise-214134.mp3,Coolio-Gangsta's paradise-73839.mp3
Coolio-Gangsta's paradise-min.mp3,Coolio-Gangsta's paradise-214134.mp3,Coolio-Gangsta's paradise-100821.mp3
Coolio-Gangsta's paradise-73839.mp3,Coolio-Gangsta's paradise-214134.mp3,Coolio-Gangsta's paradise-122601.mp3
Coolio-Gangsta's paradise-122601.mp3,Coolio-Gangsta's paradise-random.mp3,Coolio-Gangsta's paradise-214134.mp3
Coolio-Gangsta's paradise-214134.mp3,Coolio-Gangsta's paradise-random.mp3,Coolio-Gangsta's paradise-100821.mp3
Coolio-Gangsta's paradise-min.mp3,Coolio-Gangsta's paradise-100821.mp3,Coolio-Gangsta's paradise-214134.mp3
Coolio-Gangsta's paradise-min.mp3,Coolio-Gangsta's paradise-122601.mp3,Coolio-Gangsta's paradise-100821.mp3
Coolio-Gangsta's paradise-min.mp3,Coolio-Gangsta's paradise-random.mp3,Coolio-Gangsta's paradise-214134.mp3
Coolio-Gangsta's paradise-min.mp3,Coolio-Gangsta's paradise-random.mp3,Coolio-Gangsta's paradise-100821.mp3
Coolio-Gangsta's paradise-214134.mp3,Coolio-Gangsta's paradise-100821.mp3,Coolio-Gangsta's paradise-73839.mp3
Coolio-Gangsta's paradise-73839.mp3,Coolio-Gangsta's paradise-214134.mp3,Coolio-Gangsta's paradise-random.mp3
Coolio-Gangsta's paradise-min.mp3,Coolio-Gangsta's paradise-100821.mp3,Coolio-Gangsta's paradise-73839.mp3
Coolio-Gangsta's paradise-122601.mp3,Coolio-Gangsta's paradise-100821.mp3,Coolio-Gangsta's paradise-73839.mp3
Coolio-Gangsta's paradise-122601.mp3,Coolio-Gangsta's paradise-random.mp3,Coolio-Gangsta's paradise-73839.mp3
Coolio-Gangsta's paradise-122601.mp3,Coolio-Gangsta's paradise-73839.mp3,Coolio-Gangsta's paradise-random.mp3
Coolio-Gangsta's paradise-min.mp3,Coolio-Gangsta's paradise-214134.mp3,Coolio-Gangsta's paradise-random.mp3
