Lisa Lois-Hallelujah-0.mp3,Lisa Lois-Hallelujah-10866.mp3,Lisa Lois-Hallelujah-80759.mp3
Lisa Lois-Hallelujah-min.mp3,Lisa Lois-Hallelujah-10866.mp3,Lisa Lois-Hallelujah-0.mp3
Lisa Lois-Hallelujah-134954.mp3,Lisa Lois-Hallelujah-0.mp3,Lisa Lois-Hallelujah-80759.mp3
Lisa Lois-Hallelujah-134954.mp3,Lisa Lois-Hallelujah-random.mp3,Lisa Lois-Hallelujah-min.mp3
Lisa Lois-Hallelujah-random.mp3,Lisa Lois-Hallelujah-10866.mp3,Lisa Lois-Hallelujah-0.mp3
Lisa Lois-Hallelujah-80759.mp3,Lisa Lois-Hallelujah-random.mp3,Lisa Lois-Hallelujah-min.mp3
Lisa Lois-Hallelujah-random.mp3,Lisa Lois-Hallelujah-0.mp3,Lisa Lois-Hallelujah-min.mp3
Lisa Lois-Hallelujah-min.mp3,Lisa Lois-Hallelujah-0.mp3,Lisa Lois-Hallelujah-random.mp3
Lisa Lois-Hallelujah-134954.mp3,Lisa Lois-Hallelujah-min.mp3,Lisa Lois-Hallelujah-random.mp3
Lisa Lois-Hallelujah-134954.mp3,Lisa Lois-Hallelujah-10866.mp3,Lisa Lois-Hallelujah-0.mp3
Lisa Lois-Hallelujah-10866.mp3,Lisa Lois-Hallelujah-min.mp3,Lisa Lois-Hallelujah-80759.mp3
Lisa Lois-Hallelujah-random.mp3,Lisa Lois-Hallelujah-80759.mp3,Lisa Lois-Hallelujah-0.mp3
Lisa Lois-Hallelujah-80759.mp3,Lisa Lois-Hallelujah-random.mp3,Lisa Lois-Hallelujah-min.mp3
Lisa Lois-Hallelujah-random.mp3,Lisa Lois-Hallelujah-min.mp3,Lisa Lois-Hallelujah-10866.mp3
Lisa Lois-Hallelujah-0.mp3,Lisa Lois-Hallelujah-80759.mp3,Lisa Lois-Hallelujah-134954.mp3
Lisa Lois-Hallelujah-80759.mp3,Lisa Lois-Hallelujah-10866.mp3,Lisa Lois-Hallelujah-0.mp3
Lisa Lois-Hallelujah-134954.mp3,Lisa Lois-Hallelujah-80759.mp3,Lisa Lois-Hallelujah-random.mp3
Lisa Lois-Hallelujah-10866.mp3,Lisa Lois-Hallelujah-min.mp3,Lisa Lois-Hallelujah-random.mp3
Lisa Lois-Hallelujah-10866.mp3,Lisa Lois-Hallelujah-random.mp3,Lisa Lois-Hallelujah-0.mp3
Lisa Lois-Hallelujah-134954.mp3,Lisa Lois-Hallelujah-10866.mp3,Lisa Lois-Hallelujah-80759.mp3
Lisa Lois-Hallelujah-random.mp3,Lisa Lois-Hallelujah-min.mp3,Lisa Lois-Hallelujah-134954.mp3
Lisa Lois-Hallelujah-10866.mp3,Lisa Lois-Hallelujah-random.mp3,Lisa Lois-Hallelujah-min.mp3
Lisa Lois-Hallelujah-min.mp3,Lisa Lois-Hallelujah-134954.mp3,Lisa Lois-Hallelujah-0.mp3
Lisa Lois-Hallelujah-134954.mp3,Lisa Lois-Hallelujah-random.mp3,Lisa Lois-Hallelujah-10866.mp3
Lisa Lois-Hallelujah-random.mp3,Lisa Lois-Hallelujah-80759.mp3,Lisa Lois-Hallelujah-0.mp3
Lisa Lois-Hallelujah-random.mp3,Lisa Lois-Hallelujah-80759.mp3,Lisa Lois-Hallelujah-min.mp3
Lisa Lois-Hallelujah-0.mp3,Lisa Lois-Hallelujah-10866.mp3,Lisa Lois-Hallelujah-random.mp3
Lisa Lois-Hallelujah-80759.mp3,Lisa Lois-Hallelujah-min.mp3,Lisa Lois-Hallelujah-10866.mp3
Lisa Lois-Hallelujah-134954.mp3,Lisa Lois-Hallelujah-min.mp3,Lisa Lois-Hallelujah-0.mp3
Lisa Lois-Hallelujah-134954.mp3,Lisa Lois-Hallelujah-min.mp3,Lisa Lois-Hallelujah-random.mp3
Lisa Lois-Hallelujah-134954.mp3,Lisa Lois-Hallelujah-min.mp3,Lisa Lois-Hallelujah-0.mp3
Lisa Lois-Hallelujah-134954.mp3,Lisa Lois-Hallelujah-min.mp3,Lisa Lois-Hallelujah-0.mp3
Lisa Lois-Hallelujah-random.mp3,Lisa Lois-Hallelujah-10866.mp3,Lisa Lois-Hallelujah-0.mp3
Lisa Lois-Hallelujah-0.mp3,Lisa Lois-Hallelujah-random.mp3,Lisa Lois-Hallelujah-min.mp3
Lisa Lois-Hallelujah-10866.mp3,Lisa Lois-Hallelujah-80759.mp3,Lisa Lois-Hallelujah-0.mp3
Lisa Lois-Hallelujah-min.mp3,Lisa Lois-Hallelujah-10866.mp3,Lisa Lois-Hallelujah-0.mp3
Lisa Lois-Hallelujah-80759.mp3,Lisa Lois-Hallelujah-min.mp3,Lisa Lois-Hallelujah-0.mp3
Lisa Lois-Hallelujah-random.mp3,Lisa Lois-Hallelujah-134954.mp3,Lisa Lois-Hallelujah-80759.mp3
Lisa Lois-Hallelujah-random.mp3,Lisa Lois-Hallelujah-80759.mp3,Lisa Lois-Hallelujah-0.mp3
Lisa Lois-Hallelujah-min.mp3,Lisa Lois-Hallelujah-10866.mp3,Lisa Lois-Hallelujah-0.mp3
Lisa Lois-Hallelujah-random.mp3,Lisa Lois-Hallelujah-0.mp3,Lisa Lois-Hallelujah-134954.mp3
Lisa Lois-Hallelujah-80759.mp3,Lisa Lois-Hallelujah-134954.mp3,Lisa Lois-Hallelujah-0.mp3
Lisa Lois-Hallelujah-80759.mp3,Lisa Lois-Hallelujah-0.mp3,Lisa Lois-Hallelujah-min.mp3
Lisa Lois-Hallelujah-min.mp3,Lisa Lois-Hallelujah-random.mp3,Lisa Lois-Hallelujah-0.mp3
Lisa Lois-Hallelujah-random.mp3,Lisa Lois-Hallelujah-10866.mp3,Lisa Lois-Hallelujah-80759.mp3
