Herbert Grönemeyer-Halt mich-random.mp3,Herbert Grönemeyer-Halt mich-min.mp3,Herbert Grönemeyer-Halt mich-20340.mp3
Herbert Grönemeyer-Halt mich-45232.mp3,Herbert Grönemeyer-Halt mich-random.mp3,Herbert Grönemeyer-Halt mich-20340.mp3
Herbert Grönemeyer-Halt mich-45232.mp3,Herbert Grönemeyer-Halt mich-min.mp3,Herbert Grönemeyer-Halt mich-20340.mp3
Herbert Grönemeyer-Halt mich-random.mp3,Herbert Grönemeyer-Halt mich-20340.mp3,Herbert Grönemeyer-Halt mich-0.mp3
Herbert Grönemeyer-Halt mich-45232.mp3,Herbert Grönemeyer-Halt mich-20340.mp3,Herbert Grönemeyer-Halt mich-random.mp3
Herbert Grönemeyer-Halt mich-45232.mp3,Herbert Grönemeyer-Halt mich-min.mp3,Herbert Grönemeyer-Halt mich-random.mp3
Herbert Grönemeyer-Halt mich-152044.mp3,Herbert Grönemeyer-Halt mich-min.mp3,Herbert Grönemeyer-Halt mich-20340.mp3
Herbert Grönemeyer-Halt mich-min.mp3,Herbert Grönemeyer-Halt mich-45232.mp3,Herbert Grönemeyer-Halt mich-20340.mp3
Herbert Grönemeyer-Halt mich-min.mp3,Herbert Grönemeyer-Halt mich-45232.mp3,Herbert Grönemeyer-Halt mich-0.mp3
Herbert Grönemeyer-Halt mich-min.mp3,Herbert Grönemeyer-Halt mich-0.mp3,Herbert Grönemeyer-Halt mich-152044.mp3
Herbert Grönemeyer-Halt mich-random.mp3,Herbert Grönemeyer-Halt mich-45232.mp3,Herbert Grönemeyer-Halt mich-0.mp3
Herbert Grönemeyer-Halt mich-45232.mp3,Herbert Grönemeyer-Halt mich-random.mp3,Herbert Grönemeyer-Halt mich-0.mp3
Herbert Grönemeyer-Halt mich-min.mp3,Herbert Grönemeyer-Halt mich-20340.mp3,Herbert Grönemeyer-Halt mich-152044.mp3
Herbert Grönemeyer-Halt mich-min.mp3,Herbert Grönemeyer-Halt mich-random.mp3,Herbert Grönemeyer-Halt mich-20340.mp3
Herbert Grönemeyer-Halt mich-random.mp3,Herbert Grönemeyer-Halt mich-152044.mp3,Herbert Grönemeyer-Halt mich-0.mp3
Herbert Grönemeyer-Halt mich-152044.mp3,Herbert Grönemeyer-Halt mich-random.mp3,Herbert Grönemeyer-Halt mich-20340.mp3
Herbert Grönemeyer-Halt mich-min.mp3,Herbert Grönemeyer-Halt mich-152044.mp3,Herbert Grönemeyer-Halt mich-20340.mp3
Herbert Grönemeyer-Halt mich-random.mp3,Herbert Grönemeyer-Halt mich-152044.mp3,Herbert Grönemeyer-Halt mich-0.mp3
Herbert Grönemeyer-Halt mich-45232.mp3,Herbert Grönemeyer-Halt mich-random.mp3,Herbert Grönemeyer-Halt mich-20340.mp3
Herbert Grönemeyer-Halt mich-45232.mp3,Herbert Grönemeyer-Halt mich-20340.mp3,Herbert Grönemeyer-Halt mich-min.mp3
Herbert Grönemeyer-Halt mich-152044.mp3,Herbert Grönemeyer-Halt mich-min.mp3,Herbert Grönemeyer-Halt mich-20340.mp3
Herbert Grönemeyer-Halt mich-45232.mp3,Herbert Grönemeyer-Halt mich-152044.mp3,Herbert Grönemeyer-Halt mich-random.mp3
Herbert Grönemeyer-Halt mich-min.mp3,Herbert Grönemeyer-Halt mich-152044.mp3,Herbert Grönemeyer-Halt mich-45232.mp3
Herbert Grönemeyer-Halt mich-45232.mp3,Herbert Grönemeyer-Halt mich-20340.mp3,Herbert Grönemeyer-Halt mich-0.mp3
Herbert Grönemeyer-Halt mich-min.mp3,Herbert Grönemeyer-Halt mich-0.mp3,Herbert Grönemeyer-Halt mich-152044.mp3
Herbert Grönemeyer-Halt mich-20340.mp3,Herbert Grönemeyer-Halt mich-0.mp3,Herbert Grönemeyer-Halt mich-random.mp3
Herbert Grönemeyer-Halt mich-45232.mp3,Herbert Grönemeyer-Halt mich-152044.mp3,Herbert Grönemeyer-Halt mich-min.mp3
Herbert Grönemeyer-Halt mich-random.mp3,Herbert Grönemeyer-Halt mich-min.mp3,Herbert Grönemeyer-Halt mich-20340.mp3
Herbert Grönemeyer-Halt mich-min.mp3,Herbert Grönemeyer-Halt mich-random.mp3,Herbert Grönemeyer-Halt mich-152044.mp3
Herbert Grönemeyer-Halt mich-random.mp3,Herbert Grönemeyer-Halt mich-min.mp3,Herbert Grönemeyer-Halt mich-20340.mp3
Herbert Grönemeyer-Halt mich-20340.mp3,Herbert Grönemeyer-Halt mich-random.mp3,Herbert Grönemeyer-Halt mich-45232.mp3
Herbert Grönemeyer-Halt mich-45232.mp3,Herbert Grönemeyer-Halt mich-152044.mp3,Herbert Grönemeyer-Halt mich-random.mp3
Herbert Grönemeyer-Halt mich-152044.mp3,Herbert Grönemeyer-Halt mich-0.mp3,Herbert Grönemeyer-Halt mich-20340.mp3
Herbert Grönemeyer-Halt mich-45232.mp3,Herbert Grönemeyer-Halt mich-152044.mp3,Herbert Grönemeyer-Halt mich-0.mp3
Herbert Grönemeyer-Halt mich-random.mp3,Herbert Grönemeyer-Halt mich-min.mp3,Herbert Grönemeyer-Halt mich-0.mp3
Herbert Grönemeyer-Halt mich-152044.mp3,Herbert Grönemeyer-Halt mich-20340.mp3,Herbert Grönemeyer-Halt mich-0.mp3
Herbert Grönemeyer-Halt mich-152044.mp3,Herbert Grönemeyer-Halt mich-20340.mp3,Herbert Grönemeyer-Halt mich-min.mp3
Herbert Grönemeyer-Halt mich-152044.mp3,Herbert Grönemeyer-Halt mich-min.mp3,Herbert Grönemeyer-Halt mich-0.mp3
Herbert Grönemeyer-Halt mich-min.mp3,Herbert Grönemeyer-Halt mich-random.mp3,Herbert Grönemeyer-Halt mich-0.mp3
Herbert Grönemeyer-Halt mich-random.mp3,Herbert Grönemeyer-Halt mich-20340.mp3,Herbert Grönemeyer-Halt mich-0.mp3
Herbert Grönemeyer-Halt mich-random.mp3,Herbert Grönemeyer-Halt mich-45232.mp3,Herbert Grönemeyer-Halt mich-152044.mp3
Herbert Grönemeyer-Halt mich-random.mp3,Herbert Grönemeyer-Halt mich-20340.mp3,Herbert Grönemeyer-Halt mich-0.mp3
Herbert Grönemeyer-Halt mich-152044.mp3,Herbert Grönemeyer-Halt mich-20340.mp3,Herbert Grönemeyer-Halt mich-0.mp3
