Adele-Hometown glory-0.mp3,Adele-Hometown glory-random.mp3,Adele-Hometown glory-min.mp3
Adele-Hometown glory-random.mp3,Adele-Hometown glory-197230.mp3,Adele-Hometown glory-0.mp3
Adele-Hometown glory-min.mp3,Adele-Hometown glory-197230.mp3,Adele-Hometown glory-0.mp3
Adele-Hometown glory-min.mp3,Adele-Hometown glory-47415.mp3,Adele-Hometown glory-557.mp3
Adele-Hometown glory-random.mp3,Adele-Hometown glory-197230.mp3,Adele-Hometown glory-47415.mp3
Adele-Hometown glory-random.mp3,Adele-Hometown glory-0.mp3,Adele-Hometown glory-47415.mp3
Adele-Hometown glory-min.mp3,Adele-Hometown glory-197230.mp3,Adele-Hometown glory-557.mp3
Adele-Hometown glory-random.mp3,Adele-Hometown glory-197230.mp3,Adele-Hometown glory-47415.mp3
Adele-Hometown glory-min.mp3,Adele-Hometown glory-197230.mp3,Adele-Hometown glory-47415.mp3
Adele-Hometown glory-min.mp3,Adele-Hometown glory-557.mp3,Adele-Hometown glory-0.mp3
Adele-Hometown glory-random.mp3,Adele-Hometown glory-47415.mp3,Adele-Hometown glory-0.mp3
Adele-Hometown glory-random.mp3,Adele-Hometown glory-47415.mp3,Adele-Hometown glory-557.mp3
Adele-Hometown glory-min.mp3,Adele-Hometown glory-random.mp3,Adele-Hometown glory-47415.mp3
Adele-Hometown glory-random.mp3,Adele-Hometown glory-197230.mp3,Adele-Hometown glory-47415.mp3
Adele-Hometown glory-197230.mp3,Adele-Hometown glory-47415.mp3,Adele-Hometown glory-557.mp3
Adele-Hometown glory-197230.mp3,Adele-Hometown glory-random.mp3,Adele-Hometown glory-557.mp3
Adele-Hometown glory-random.mp3,Adele-Hometown glory-min.mp3,Adele-Hometown glory-47415.mp3
Adele-Hometown glory-47415.mp3,Adele-Hometown glory-197230.mp3,Adele-Hometown glory-557.mp3
Adele-Hometown glory-random.mp3,Adele-Hometown glory-min.mp3,Adele-Hometown glory-197230.mp3
Adele-Hometown glory-197230.mp3,Adele-Hometown glory-0.mp3,Adele-Hometown glory-47415.mp3
Adele-Hometown glory-random.mp3,Adele-Hometown glory-197230.mp3,Adele-Hometown glory-0.mp3
Adele-Hometown glory-random.mp3,Adele-Hometown glory-min.mp3,Adele-Hometown glory-557.mp3
Adele-Hometown glory-557.mp3,Adele-Hometown glory-197230.mp3,Adele-Hometown glory-random.mp3
Adele-Hometown glory-557.mp3,Adele-Hometown glory-47415.mp3,Adele-Hometown glory-random.mp3
Adele-Hometown glory-random.mp3,Adele-Hometown glory-0.mp3,Adele-Hometown glory-557.mp3
Adele-Hometown glory-0.mp3,Adele-Hometown glory-557.mp3,Adele-Hometown glory-random.mp3
Adele-Hometown glory-47415.mp3,Adele-Hometown glory-random.mp3,Adele-Hometown glory-197230.mp3
Adele-Hometown glory-random.mp3,Adele-Hometown glory-557.mp3,Adele-Hometown glory-197230.mp3
Adele-Hometown glory-557.mp3,Adele-Hometown glory-47415.mp3,Adele-Hometown glory-min.mp3
Adele-Hometown glory-random.mp3,Adele-Hometown glory-197230.mp3,Adele-Hometown glory-0.mp3
Adele-Hometown glory-random.mp3,Adele-Hometown glory-min.mp3,Adele-Hometown glory-0.mp3
Adele-Hometown glory-47415.mp3,Adele-Hometown glory-0.mp3,Adele-Hometown glory-random.mp3
Adele-Hometown glory-random.mp3,Adele-Hometown glory-min.mp3,Adele-Hometown glory-0.mp3
Adele-Hometown glory-min.mp3,Adele-Hometown glory-0.mp3,Adele-Hometown glory-197230.mp3
Adele-Hometown glory-random.mp3,Adele-Hometown glory-47415.mp3,Adele-Hometown glory-0.mp3
Adele-Hometown glory-random.mp3,Adele-Hometown glory-557.mp3,Adele-Hometown glory-197230.mp3
Adele-Hometown glory-min.mp3,Adele-Hometown glory-0.mp3,Adele-Hometown glory-557.mp3
Adele-Hometown glory-random.mp3,Adele-Hometown glory-min.mp3,Adele-Hometown glory-557.mp3
Adele-Hometown glory-random.mp3,Adele-Hometown glory-197230.mp3,Adele-Hometown glory-0.mp3
Adele-Hometown glory-random.mp3,Adele-Hometown glory-min.mp3,Adele-Hometown glory-557.mp3
Adele-Hometown glory-random.mp3,Adele-Hometown glory-47415.mp3,Adele-Hometown glory-min.mp3
Adele-Hometown glory-197230.mp3,Adele-Hometown glory-557.mp3,Adele-Hometown glory-0.mp3
Adele-Hometown glory-47415.mp3,Adele-Hometown glory-min.mp3,Adele-Hometown glory-557.mp3
