Acda & de Munnik-Lopen tot de zon komt-187059.mp3,Acda & de Munnik-Lopen tot de zon komt-164675.mp3,Acda & de Munnik-Lopen tot de zon komt-31718.mp3
Acda & de Munnik-Lopen tot de zon komt-164675.mp3,Acda & de Munnik-Lopen tot de zon komt-random.mp3,Acda & de Munnik-Lopen tot de zon komt-31718.mp3
Acda & de Munnik-Lopen tot de zon komt-187059.mp3,Acda & de Munnik-Lopen tot de zon komt-164675.mp3,Acda & de Munnik-Lopen tot de zon komt-0.mp3
Acda & de Munnik-Lopen tot de zon komt-31718.mp3,Acda & de Munnik-Lopen tot de zon komt-0.mp3,Acda & de Munnik-Lopen tot de zon komt-187059.mp3
Acda & de Munnik-Lopen tot de zon komt-164675.mp3,Acda & de Munnik-Lopen tot de zon komt-187059.mp3,Acda & de Munnik-Lopen tot de zon komt-min.mp3
Acda & de Munnik-Lopen tot de zon komt-min.mp3,Acda & de Munnik-Lopen tot de zon komt-31718.mp3,Acda & de Munnik-Lopen tot de zon komt-random.mp3
Acda & de Munnik-Lopen tot de zon komt-random.mp3,Acda & de Munnik-Lopen tot de zon komt-164675.mp3,Acda & de Munnik-Lopen tot de zon komt-min.mp3
Acda & de Munnik-Lopen tot de zon komt-random.mp3,Acda & de Munnik-Lopen tot de zon komt-187059.mp3,Acda & de Munnik-Lopen tot de zon komt-min.mp3
Acda & de Munnik-Lopen tot de zon komt-164675.mp3,Acda & de Munnik-Lopen tot de zon komt-31718.mp3,Acda & de Munnik-Lopen tot de zon komt-min.mp3
Acda & de Munnik-Lopen tot de zon komt-random.mp3,Acda & de Munnik-Lopen tot de zon komt-0.mp3,Acda & de Munnik-Lopen tot de zon komt-187059.mp3
Acda & de Munnik-Lopen tot de zon komt-164675.mp3,Acda & de Munnik-Lopen tot de zon komt-31718.mp3,Acda & de Munnik-Lopen tot de zon komt-min.mp3
Acda & de Munnik-Lopen tot de zon komt-164675.mp3,Acda & de Munnik-Lopen tot de zon komt-31718.mp3,Acda & de Munnik-Lopen tot de zon komt-min.mp3
Acda & de Munnik-Lopen tot de zon komt-164675.mp3,Acda & de Munnik-Lopen tot de zon komt-31718.mp3,Acda & de Munnik-Lopen tot de zon komt-min.mp3
Acda & de Munnik-Lopen tot de zon komt-random.mp3,Acda & de Munnik-Lopen tot de zon komt-31718.mp3,Acda & de Munnik-Lopen tot de zon komt-187059.mp3
Acda & de Munnik-Lopen tot de zon komt-random.mp3,Acda & de Munnik-Lopen tot de zon komt-0.mp3,Acda & de Munnik-Lopen tot de zon komt-31718.mp3
Acda & de Munnik-Lopen tot de zon komt-164675.mp3,Acda & de Munnik-Lopen tot de zon komt-min.mp3,Acda & de Munnik-Lopen tot de zon komt-0.mp3
Acda & de Munnik-Lopen tot de zon komt-187059.mp3,Acda & de Munnik-Lopen tot de zon komt-31718.mp3,Acda & de Munnik-Lopen tot de zon komt-164675.mp3
Acda & de Munnik-Lopen tot de zon komt-random.mp3,Acda & de Munnik-Lopen tot de zon komt-187059.mp3,Acda & de Munnik-Lopen tot de zon komt-0.mp3
Acda & de Munnik-Lopen tot de zon komt-164675.mp3,Acda & de Munnik-Lopen tot de zon komt-31718.mp3,Acda & de Munnik-Lopen tot de zon komt-0.mp3
Acda & de Munnik-Lopen tot de zon komt-164675.mp3,Acda & de Munnik-Lopen tot de zon komt-random.mp3,Acda & de Munnik-Lopen tot de zon komt-187059.mp3
Acda & de Munnik-Lopen tot de zon komt-0.mp3,Acda & de Munnik-Lopen tot de zon komt-random.mp3,Acda & de Munnik-Lopen tot de zon komt-min.mp3
Acda & de Munnik-Lopen tot de zon komt-random.mp3,Acda & de Munnik-Lopen tot de zon komt-187059.mp3,Acda & de Munnik-Lopen tot de zon komt-min.mp3
Acda & de Munnik-Lopen tot de zon komt-164675.mp3,Acda & de Munnik-Lopen tot de zon komt-187059.mp3,Acda & de Munnik-Lopen tot de zon komt-min.mp3
Acda & de Munnik-Lopen tot de zon komt-164675.mp3,Acda & de Munnik-Lopen tot de zon komt-min.mp3,Acda & de Munnik-Lopen tot de zon komt-0.mp3
Acda & de Munnik-Lopen tot de zon komt-187059.mp3,Acda & de Munnik-Lopen tot de zon komt-min.mp3,Acda & de Munnik-Lopen tot de zon komt-0.mp3
Acda & de Munnik-Lopen tot de zon komt-187059.mp3,Acda & de Munnik-Lopen tot de zon komt-0.mp3,Acda & de Munnik-Lopen tot de zon komt-164675.mp3
Acda & de Munnik-Lopen tot de zon komt-0.mp3,Acda & de Munnik-Lopen tot de zon komt-187059.mp3,Acda & de Munnik-Lopen tot de zon komt-random.mp3
Acda & de Munnik-Lopen tot de zon komt-random.mp3,Acda & de Munnik-Lopen tot de zon komt-min.mp3,Acda & de Munnik-Lopen tot de zon komt-31718.mp3
Acda & de Munnik-Lopen tot de zon komt-164675.mp3,Acda & de Munnik-Lopen tot de zon komt-random.mp3,Acda & de Munnik-Lopen tot de zon komt-187059.mp3
Acda & de Munnik-Lopen tot de zon komt-31718.mp3,Acda & de Munnik-Lopen tot de zon komt-187059.mp3,Acda & de Munnik-Lopen tot de zon komt-164675.mp3
Acda & de Munnik-Lopen tot de zon komt-min.mp3,Acda & de Munnik-Lopen tot de zon komt-31718.mp3,Acda & de Munnik-Lopen tot de zon komt-187059.mp3
Acda & de Munnik-Lopen tot de zon komt-random.mp3,Acda & de Munnik-Lopen tot de zon komt-0.mp3,Acda & de Munnik-Lopen tot de zon komt-164675.mp3
Acda & de Munnik-Lopen tot de zon komt-164675.mp3,Acda & de Munnik-Lopen tot de zon komt-0.mp3,Acda & de Munnik-Lopen tot de zon komt-187059.mp3
Acda & de Munnik-Lopen tot de zon komt-0.mp3,Acda & de Munnik-Lopen tot de zon komt-31718.mp3,Acda & de Munnik-Lopen tot de zon komt-min.mp3
Acda & de Munnik-Lopen tot de zon komt-31718.mp3,Acda & de Munnik-Lopen tot de zon komt-0.mp3,Acda & de Munnik-Lopen tot de zon komt-187059.mp3
Acda & de Munnik-Lopen tot de zon komt-random.mp3,Acda & de Munnik-Lopen tot de zon komt-187059.mp3,Acda & de Munnik-Lopen tot de zon komt-164675.mp3
Acda & de Munnik-Lopen tot de zon komt-0.mp3,Acda & de Munnik-Lopen tot de zon komt-187059.mp3,Acda & de Munnik-Lopen tot de zon komt-31718.mp3
Acda & de Munnik-Lopen tot de zon komt-random.mp3,Acda & de Munnik-Lopen tot de zon komt-31718.mp3,Acda & de Munnik-Lopen tot de zon komt-min.mp3
Acda & de Munnik-Lopen tot de zon komt-random.mp3,Acda & de Munnik-Lopen tot de zon komt-31718.mp3,Acda & de Munnik-Lopen tot de zon komt-min.mp3
Acda & de Munnik-Lopen tot de zon komt-random.mp3,Acda & de Munnik-Lopen tot de zon komt-min.mp3,Acda & de Munnik-Lopen tot de zon komt-0.mp3
Acda & de Munnik-Lopen tot de zon komt-187059.mp3,Acda & de Munnik-Lopen tot de zon komt-164675.mp3,Acda & de Munnik-Lopen tot de zon komt-0.mp3
Acda & de Munnik-Lopen tot de zon komt-164675.mp3,Acda & de Munnik-Lopen tot de zon komt-31718.mp3,Acda & de Munnik-Lopen tot de zon komt-0.mp3
Acda & de Munnik-Lopen tot de zon komt-164675.mp3,Acda & de Munnik-Lopen tot de zon komt-random.mp3,Acda & de Munnik-Lopen tot de zon komt-0.mp3
Acda & de Munnik-Lopen tot de zon komt-min.mp3,Acda & de Munnik-Lopen tot de zon komt-187059.mp3,Acda & de Munnik-Lopen tot de zon komt-31718.mp3
