ABBA-Mamma mia-0.mp3,ABBA-Mamma mia-random.mp3,ABBA-Mamma mia-122508.mp3
ABBA-Mamma mia-66594.mp3,ABBA-Mamma mia-random.mp3,ABBA-Mamma mia-835.mp3
ABBA-Mamma mia-66594.mp3,ABBA-Mamma mia-835.mp3,ABBA-Mamma mia-0.mp3
ABBA-Mamma mia-66594.mp3,ABBA-Mamma mia-835.mp3,ABBA-Mamma mia-0.mp3
ABBA-Mamma mia-66594.mp3,ABBA-Mamma mia-122508.mp3,ABBA-Mamma mia-0.mp3
ABBA-Mamma mia-122508.mp3,ABBA-Mamma mia-0.mp3,ABBA-Mamma mia-835.mp3
ABBA-Mamma mia-66594.mp3,ABBA-Mamma mia-835.mp3,ABBA-Mamma mia-0.mp3
ABBA-Mamma mia-122508.mp3,ABBA-Mamma mia-835.mp3,ABBA-Mamma mia-0.mp3
ABBA-Mamma mia-66594.mp3,ABBA-Mamma mia-835.mp3,ABBA-Mamma mia-0.mp3
ABBA-Mamma mia-122508.mp3,ABBA-Mamma mia-66594.mp3,ABBA-Mamma mia-0.mp3
ABBA-Mamma mia-random.mp3,ABBA-Mamma mia-0.mp3,ABBA-Mamma mia-66594.mp3
ABBA-Mamma mia-random.mp3,ABBA-Mamma mia-0.mp3,ABBA-Mamma mia-835.mp3
ABBA-Mamma mia-66594.mp3,ABBA-Mamma mia-835.mp3,ABBA-Mamma mia-0.mp3
ABBA-Mamma mia-122508.mp3,ABBA-Mamma mia-835.mp3,ABBA-Mamma mia-0.mp3
ABBA-Mamma mia-random.mp3,ABBA-Mamma mia-835.mp3,ABBA-Mamma mia-0.mp3
ABBA-Mamma mia-66594.mp3,ABBA-Mamma mia-random.mp3,ABBA-Mamma mia-0.mp3
ABBA-Mamma mia-random.mp3,ABBA-Mamma mia-835.mp3,ABBA-Mamma mia-0.mp3
ABBA-Mamma mia-122508.mp3,ABBA-Mamma mia-835.mp3,ABBA-Mamma mia-random.mp3
ABBA-Mamma mia-66594.mp3,ABBA-Mamma mia-random.mp3,ABBA-Mamma mia-835.mp3
ABBA-Mamma mia-0.mp3,ABBA-Mamma mia-835.mp3,ABBA-Mamma mia-122508.mp3
ABBA-Mamma mia-122508.mp3,ABBA-Mamma mia-random.mp3,ABBA-Mamma mia-66594.mp3
ABBA-Mamma mia-122508.mp3,ABBA-Mamma mia-random.mp3,ABBA-Mamma mia-835.mp3
ABBA-Mamma mia-66594.mp3,ABBA-Mamma mia-0.mp3,ABBA-Mamma mia-835.mp3
ABBA-Mamma mia-835.mp3,ABBA-Mamma mia-0.mp3,ABBA-Mamma mia-random.mp3
ABBA-Mamma mia-835.mp3,ABBA-Mamma mia-random.mp3,ABBA-Mamma mia-0.mp3
ABBA-Mamma mia-random.mp3,ABBA-Mamma mia-0.mp3,ABBA-Mamma mia-835.mp3
ABBA-Mamma mia-0.mp3,ABBA-Mamma mia-122508.mp3,ABBA-Mamma mia-66594.mp3
ABBA-Mamma mia-122508.mp3,ABBA-Mamma mia-random.mp3,ABBA-Mamma mia-835.mp3
ABBA-Mamma mia-835.mp3,ABBA-Mamma mia-random.mp3,ABBA-Mamma mia-122508.mp3
ABBA-Mamma mia-122508.mp3,ABBA-Mamma mia-835.mp3,ABBA-Mamma mia-0.mp3
ABBA-Mamma mia-835.mp3,ABBA-Mamma mia-random.mp3,ABBA-Mamma mia-122508.mp3
ABBA-Mamma mia-122508.mp3,ABBA-Mamma mia-66594.mp3,ABBA-Mamma mia-0.mp3
ABBA-Mamma mia-66594.mp3,ABBA-Mamma mia-835.mp3,ABBA-Mamma mia-random.mp3
ABBA-Mamma mia-122508.mp3,ABBA-Mamma mia-835.mp3,ABBA-Mamma mia-random.mp3
ABBA-Mamma mia-122508.mp3,ABBA-Mamma mia-835.mp3,ABBA-Mamma mia-random.mp3
ABBA-Mamma mia-0.mp3,ABBA-Mamma mia-random.mp3,ABBA-Mamma mia-835.mp3
ABBA-Mamma mia-122508.mp3,ABBA-Mamma mia-random.mp3,ABBA-Mamma mia-835.mp3
ABBA-Mamma mia-122508.mp3,ABBA-Mamma mia-835.mp3,ABBA-Mamma mia-0.mp3
ABBA-Mamma mia-835.mp3,ABBA-Mamma mia-0.mp3,ABBA-Mamma mia-122508.mp3
ABBA-Mamma mia-66594.mp3,ABBA-Mamma mia-122508.mp3,ABBA-Mamma mia-835.mp3
ABBA-Mamma mia-66594.mp3,ABBA-Mamma mia-random.mp3,ABBA-Mamma mia-835.mp3
ABBA-Mamma mia-66594.mp3,ABBA-Mamma mia-0.mp3,ABBA-Mamma mia-835.mp3
ABBA-Mamma mia-66594.mp3,ABBA-Mamma mia-122508.mp3,ABBA-Mamma mia-random.mp3
ABBA-Mamma mia-122508.mp3,ABBA-Mamma mia-835.mp3,ABBA-Mamma mia-0.mp3
