Evanescence-My immortal-min.mp3,Evanescence-My immortal-185.mp3,Evanescence-My immortal-0.mp3
Evanescence-My immortal-120232.mp3,Evanescence-My immortal-39845.mp3,Evanescence-My immortal-min.mp3
Evanescence-My immortal-min.mp3,Evanescence-My immortal-120232.mp3,Evanescence-My immortal-0.mp3
Evanescence-My immortal-39845.mp3,Evanescence-My immortal-random.mp3,Evanescence-My immortal-185.mp3
Evanescence-My immortal-random.mp3,Evanescence-My immortal-39845.mp3,Evanescence-My immortal-185.mp3
Evanescence-My immortal-120232.mp3,Evanescence-My immortal-185.mp3,Evanescence-My immortal-0.mp3
Evanescence-My immortal-39845.mp3,Evanescence-My immortal-185.mp3,Evanescence-My immortal-0.mp3
Evanescence-My immortal-39845.mp3,Evanescence-My immortal-min.mp3,Evanescence-My immortal-120232.mp3
Evanescence-My immortal-39845.mp3,Evanescence-My immortal-random.mp3,Evanescence-My immortal-0.mp3
Evanescence-My immortal-min.mp3,Evanescence-My immortal-0.mp3,Evanescence-My immortal-185.mp3
Evanescence-My immortal-min.mp3,Evanescence-My immortal-120232.mp3,Evanescence-My immortal-0.mp3
Evanescence-My immortal-random.mp3,Evanescence-My immortal-39845.mp3,Evanescence-My immortal-120232.mp3
Evanescence-My immortal-120232.mp3,Evanescence-My immortal-39845.mp3,Evanescence-My immortal-0.mp3
Evanescence-My immortal-120232.mp3,Evanescence-My immortal-39845.mp3,Evanescence-My immortal-185.mp3
Evanescence-My immortal-min.mp3,Evanescence-My immortal-120232.mp3,Evanescence-My immortal-0.mp3
Evanescence-My immortal-random.mp3,Evanescence-My immortal-39845.mp3,Evanescence-My immortal-min.mp3
Evanescence-My immortal-120232.mp3,Evanescence-My immortal-random.mp3,Evanescence-My immortal-185.mp3
Evanescence-My immortal-min.mp3,Evanescence-My immortal-0.mp3,Evanescence-My immortal-random.mp3
Evanescence-My immortal-0.mp3,Evanescence-My immortal-185.mp3,Evanescence-My immortal-39845.mp3
Evanescence-My immortal-39845.mp3,Evanescence-My immortal-120232.mp3,Evanescence-My immortal-0.mp3
Evanescence-My immortal-min.mp3,Evanescence-My immortal-39845.mp3,Evanescence-My immortal-0.mp3
Evanescence-My immortal-min.mp3,Evanescence-My immortal-random.mp3,Evanescence-My immortal-120232.mp3
Evanescence-My immortal-39845.mp3,Evanescence-My immortal-120232.mp3,Evanescence-My immortal-random.mp3
Evanescence-My immortal-0.mp3,Evanescence-My immortal-39845.mp3,Evanescence-My immortal-120232.mp3
Evanescence-My immortal-39845.mp3,Evanescence-My immortal-120232.mp3,Evanescence-My immortal-0.mp3
Evanescence-My immortal-39845.mp3,Evanescence-My immortal-185.mp3,Evanescence-My immortal-0.mp3
Evanescence-My immortal-185.mp3,Evanescence-My immortal-random.mp3,Evanescence-My immortal-0.mp3
Evanescence-My immortal-random.mp3,Evanescence-My immortal-0.mp3,Evanescence-My immortal-185.mp3
Evanescence-My immortal-39845.mp3,Evanescence-My immortal-min.mp3,Evanescence-My immortal-0.mp3
Evanescence-My immortal-min.mp3,Evanescence-My immortal-39845.mp3,Evanescence-My immortal-185.mp3
Evanescence-My immortal-120232.mp3,Evanescence-My immortal-min.mp3,Evanescence-My immortal-185.mp3
Evanescence-My immortal-min.mp3,Evanescence-My immortal-185.mp3,Evanescence-My immortal-0.mp3
Evanescence-My immortal-39845.mp3,Evanescence-My immortal-min.mp3,Evanescence-My immortal-0.mp3
Evanescence-My immortal-min.mp3,Evanescence-My immortal-0.mp3,Evanescence-My immortal-39845.mp3
Evanescence-My immortal-random.mp3,Evanescence-My immortal-185.mp3,Evanescence-My immortal-120232.mp3
Evanescence-My immortal-min.mp3,Evanescence-My immortal-120232.mp3,Evanescence-My immortal-185.mp3
Evanescence-My immortal-39845.mp3,Evanescence-My immortal-random.mp3,Evanescence-My immortal-0.mp3
Evanescence-My immortal-0.mp3,Evanescence-My immortal-min.mp3,Evanescence-My immortal-185.mp3
Evanescence-My immortal-random.mp3,Evanescence-My immortal-39845.mp3,Evanescence-My immortal-120232.mp3
Evanescence-My immortal-min.mp3,Evanescence-My immortal-39845.mp3,Evanescence-My immortal-185.mp3
Evanescence-My immortal-120232.mp3,Evanescence-My immortal-random.mp3,Evanescence-My immortal-0.mp3
Evanescence-My immortal-120232.mp3,Evanescence-My immortal-random.mp3,Evanescence-My immortal-185.mp3
Evanescence-My immortal-random.mp3,Evanescence-My immortal-39845.mp3,Evanescence-My immortal-min.mp3
Evanescence-My immortal-120232.mp3,Evanescence-My immortal-39845.mp3,Evanescence-My immortal-random.mp3
