Prince-Purple rain-15232.mp3,Prince-Purple rain-min.mp3,Prince-Purple rain-86471.mp3
Prince-Purple rain-157617.mp3,Prince-Purple rain-86471.mp3,Prince-Purple rain-15232.mp3
Prince-Purple rain-15232.mp3,Prince-Purple rain-random.mp3,Prince-Purple rain-86471.mp3
Prince-Purple rain-157617.mp3,Prince-Purple rain-random.mp3,Prince-Purple rain-15232.mp3
Prince-Purple rain-min.mp3,Prince-Purple rain-157617.mp3,Prince-Purple rain-86471.mp3
Prince-Purple rain-86471.mp3,Prince-Purple rain-295543.mp3,Prince-Purple rain-random.mp3
Prince-Purple rain-86471.mp3,Prince-Purple rain-295543.mp3,Prince-Purple rain-random.mp3
Prince-Purple rain-min.mp3,Prince-Purple rain-157617.mp3,Prince-Purple rain-295543.mp3
Prince-Purple rain-295543.mp3,Prince-Purple rain-min.mp3,Prince-Purple rain-157617.mp3
Prince-Purple rain-86471.mp3,Prince-Purple rain-random.mp3,Prince-Purple rain-295543.mp3
Prince-Purple rain-min.mp3,Prince-Purple rain-86471.mp3,Prince-Purple rain-157617.mp3
Prince-Purple rain-random.mp3,Prince-Purple rain-min.mp3,Prince-Purple rain-157617.mp3
Prince-Purple rain-min.mp3,Prince-Purple rain-15232.mp3,Prince-Purple rain-86471.mp3
Prince-Purple rain-295543.mp3,Prince-Purple rain-min.mp3,Prince-Purple rain-random.mp3
Prince-Purple rain-min.mp3,Prince-Purple rain-295543.mp3,Prince-Purple rain-157617.mp3
Prince-Purple rain-min.mp3,Prince-Purple rain-157617.mp3,Prince-Purple rain-random.mp3
Prince-Purple rain-random.mp3,Prince-Purple rain-15232.mp3,Prince-Purple rain-295543.mp3
Prince-Purple rain-86471.mp3,Prince-Purple rain-157617.mp3,Prince-Purple rain-295543.mp3
Prince-Purple rain-15232.mp3,Prince-Purple rain-157617.mp3,Prince-Purple rain-random.mp3
Prince-Purple rain-157617.mp3,Prince-Purple rain-random.mp3,Prince-Purple rain-295543.mp3
Prince-Purple rain-86471.mp3,Prince-Purple rain-15232.mp3,Prince-Purple rain-157617.mp3
Prince-Purple rain-min.mp3,Prince-Purple rain-157617.mp3,Prince-Purple rain-random.mp3
Prince-Purple rain-15232.mp3,Prince-Purple rain-min.mp3,Prince-Purple rain-86471.mp3
Prince-Purple rain-min.mp3,Prince-Purple rain-random.mp3,Prince-Purple rain-157617.mp3
Prince-Purple rain-86471.mp3,Prince-Purple rain-random.mp3,Prince-Purple rain-295543.mp3
Prince-Purple rain-86471.mp3,Prince-Purple rain-15232.mp3,Prince-Purple rain-295543.mp3
Prince-Purple rain-86471.mp3,Prince-Purple rain-15232.mp3,Prince-Purple rain-295543.mp3
Prince-Purple rain-86471.mp3,Prince-Purple rain-157617.mp3,Prince-Purple rain-random.mp3
Prince-Purple rain-random.mp3,Prince-Purple rain-86471.mp3,Prince-Purple rain-15232.mp3
Prince-Purple rain-295543.mp3,Prince-Purple rain-15232.mp3,Prince-Purple rain-86471.mp3
Prince-Purple rain-min.mp3,Prince-Purple rain-random.mp3,Prince-Purple rain-15232.mp3
Prince-Purple rain-min.mp3,Prince-Purple rain-15232.mp3,Prince-Purple rain-random.mp3
Prince-Purple rain-157617.mp3,Prince-Purple rain-86471.mp3,Prince-Purple rain-random.mp3
Prince-Purple rain-15232.mp3,Prince-Purple rain-86471.mp3,Prince-Purple rain-295543.mp3
Prince-Purple rain-min.mp3,Prince-Purple rain-15232.mp3,Prince-Purple rain-random.mp3
Prince-Purple rain-15232.mp3,Prince-Purple rain-86471.mp3,Prince-Purple rain-295543.mp3
Prince-Purple rain-min.mp3,Prince-Purple rain-86471.mp3,Prince-Purple rain-15232.mp3
Prince-Purple rain-random.mp3,Prince-Purple rain-15232.mp3,Prince-Purple rain-86471.mp3
Prince-Purple rain-15232.mp3,Prince-Purple rain-157617.mp3,Prince-Purple rain-86471.mp3
Prince-Purple rain-min.mp3,Prince-Purple rain-15232.mp3,Prince-Purple rain-86471.mp3
