Aretha Franklin-Respect -90139.mp3,Aretha Franklin-Respect -10727.mp3,Aretha Franklin-Respect -71471.mp3
Aretha Franklin-Respect -90139.mp3,Aretha Franklin-Respect -10727.mp3,Aretha Franklin-Respect -71471.mp3
Aretha Franklin-Respect -random.mp3,Aretha Franklin-Respect -min.mp3,Aretha Franklin-Respect -0.mp3
Aretha Franklin-Respect -min.mp3,Aretha Franklin-Respect -10727.mp3,Aretha Franklin-Respect -90139.mp3
Aretha Franklin-Respect -min.mp3,Aretha Franklin-Respect -71471.mp3,Aretha Franklin-Respect -0.mp3
Aretha Franklin-Respect -90139.mp3,Aretha Franklin-Respect -0.mp3,Aretha Franklin-Respect -71471.mp3
Aretha Franklin-Respect -10727.mp3,Aretha Franklin-Respect -min.mp3,Aretha Franklin-Respect -0.mp3
Aretha Franklin-Respect -10727.mp3,Aretha Franklin-Respect -90139.mp3,Aretha Franklin-Respect -0.mp3
Aretha Franklin-Respect -random.mp3,Aretha Franklin-Respect -min.mp3,Aretha Franklin-Respect -71471.mp3
Aretha Franklin-Respect -random.mp3,Aretha Franklin-Respect -90139.mp3,Aretha Franklin-Respect -0.mp3
Aretha Franklin-Respect -min.mp3,Aretha Franklin-Respect -0.mp3,Aretha Franklin-Respect -random.mp3
Aretha Franklin-Respect -random.mp3,Aretha Franklin-Respect -10727.mp3,Aretha Franklin-Respect -90139.mp3
Aretha Franklin-Respect -random.mp3,Aretha Franklin-Respect -90139.mp3,Aretha Franklin-Respect -0.mp3
Aretha Franklin-Respect -random.mp3,Aretha Franklin-Respect -71471.mp3,Aretha Franklin-Respect -0.mp3
Aretha Franklin-Respect -random.mp3,Aretha Franklin-Respect -71471.mp3,Aretha Franklin-Respect -10727.mp3
Aretha Franklin-Respect -random.mp3,Aretha Franklin-Respect -0.mp3,Aretha Franklin-Respect -71471.mp3
Aretha Franklin-Respect -random.mp3,Aretha Franklin-Respect -10727.mp3,Aretha Franklin-Respect -90139.mp3
Aretha Franklin-Respect -0.mp3,Aretha Franklin-Respect -90139.mp3,Aretha Franklin-Respect -71471.mp3
Aretha Franklin-Respect -random.mp3,Aretha Franklin-Respect -10727.mp3,Aretha Franklin-Respect -71471.mp3
Aretha Franklin-Respect -90139.mp3,Aretha Franklin-Respect -10727.mp3,Aretha Franklin-Respect -0.mp3
Aretha Franklin-Respect -0.mp3,Aretha Franklin-Respect -10727.mp3,Aretha Franklin-Respect -random.mp3
Aretha Franklin-Respect -random.mp3,Aretha Franklin-Respect -0.mp3,Aretha Franklin-Respect -90139.mp3
Aretha Franklin-Respect -min.mp3,Aretha Franklin-Respect -random.mp3,Aretha Franklin-Respect -0.mp3
Aretha Franklin-Respect -random.mp3,Aretha Franklin-Respect -0.mp3,Aretha Franklin-Respect -10727.mp3
Aretha Franklin-Respect -10727.mp3,Aretha Franklin-Respect -min.mp3,Aretha Franklin-Respect -71471.mp3
Aretha Franklin-Respect -10727.mp3,Aretha Franklin-Respect -random.mp3,Aretha Franklin-Respect -0.mp3
Aretha Franklin-Respect -0.mp3,Aretha Franklin-Respect -random.mp3,Aretha Franklin-Respect -90139.mp3
Aretha Franklin-Respect -0.mp3,Aretha Franklin-Respect -random.mp3,Aretha Franklin-Respect -90139.mp3
Aretha Franklin-Respect -90139.mp3,Aretha Franklin-Respect -0.mp3,Aretha Franklin-Respect -min.mp3
Aretha Franklin-Respect -min.mp3,Aretha Franklin-Respect -10727.mp3,Aretha Franklin-Respect -90139.mp3
Aretha Franklin-Respect -min.mp3,Aretha Franklin-Respect -10727.mp3,Aretha Franklin-Respect -0.mp3
Aretha Franklin-Respect -random.mp3,Aretha Franklin-Respect -min.mp3,Aretha Franklin-Respect -90139.mp3
Aretha Franklin-Respect -10727.mp3,Aretha Franklin-Respect -90139.mp3,Aretha Franklin-Respect -71471.mp3
Aretha Franklin-Respect -random.mp3,Aretha Franklin-Respect -0.mp3,Aretha Franklin-Respect -90139.mp3
Aretha Franklin-Respect -random.mp3,Aretha Franklin-Respect -10727.mp3,Aretha Franklin-Respect -0.mp3
Aretha Franklin-Respect -10727.mp3,Aretha Franklin-Respect -90139.mp3,Aretha Franklin-Respect -71471.mp3
Aretha Franklin-Respect -random.mp3,Aretha Franklin-Respect -10727.mp3,Aretha Franklin-Respect -71471.mp3
Aretha Franklin-Respect -min.mp3,Aretha Franklin-Respect -10727.mp3,Aretha Franklin-Respect -0.mp3
Aretha Franklin-Respect -random.mp3,Aretha Franklin-Respect -0.mp3,Aretha Franklin-Respect -71471.mp3
Aretha Franklin-Respect -random.mp3,Aretha Franklin-Respect -10727.mp3,Aretha Franklin-Respect -71471.mp3
Aretha Franklin-Respect -random.mp3,Aretha Franklin-Respect -min.mp3,Aretha Franklin-Respect -0.mp3
Aretha Franklin-Respect -10727.mp3,Aretha Franklin-Respect -71471.mp3,Aretha Franklin-Respect -0.mp3
