Queensrÿche-Silent lucidity-125712.mp3,Queensrÿche-Silent lucidity-random.mp3,Queensrÿche-Silent lucidity-min.mp3
Queensrÿche-Silent lucidity-84567.mp3,Queensrÿche-Silent lucidity-138948.mp3,Queensrÿche-Silent lucidity-min.mp3
Queensrÿche-Silent lucidity-min.mp3,Queensrÿche-Silent lucidity-138948.mp3,Queensrÿche-Silent lucidity-209629.mp3
Queensrÿche-Silent lucidity-84567.mp3,Queensrÿche-Silent lucidity-209629.mp3,Queensrÿche-Silent lucidity-min.mp3
Queensrÿche-Silent lucidity-138948.mp3,Queensrÿche-Silent lucidity-random.mp3,Queensrÿche-Silent lucidity-min.mp3
Queensrÿche-Silent lucidity-random.mp3,Queensrÿche-Silent lucidity-138948.mp3,Queensrÿche-Silent lucidity-209629.mp3
Queensrÿche-Silent lucidity-84567.mp3,Queensrÿche-Silent lucidity-random.mp3,Queensrÿche-Silent lucidity-min.mp3
Queensrÿche-Silent lucidity-125712.mp3,Queensrÿche-Silent lucidity-84567.mp3,Queensrÿche-Silent lucidity-209629.mp3
Queensrÿche-Silent lucidity-84567.mp3,Queensrÿche-Silent lucidity-125712.mp3,Queensrÿche-Silent lucidity-min.mp3
Queensrÿche-Silent lucidity-125712.mp3,Queensrÿche-Silent lucidity-138948.mp3,Queensrÿche-Silent lucidity-209629.mp3
Queensrÿche-Silent lucidity-125712.mp3,Queensrÿche-Silent lucidity-min.mp3,Queensrÿche-Silent lucidity-209629.mp3
Queensrÿche-Silent lucidity-random.mp3,Queensrÿche-Silent lucidity-84567.mp3,Queensrÿche-Silent lucidity-209629.mp3
Queensrÿche-Silent lucidity-125712.mp3,Queensrÿche-Silent lucidity-138948.mp3,Queensrÿche-Silent lucidity-random.mp3
Queensrÿche-Silent lucidity-random.mp3,Queensrÿche-Silent lucidity-min.mp3,Queensrÿche-Silent lucidity-209629.mp3
Queensrÿche-Silent lucidity-84567.mp3,Queensrÿche-Silent lucidity-min.mp3,Queensrÿche-Silent lucidity-209629.mp3
Queensrÿche-Silent lucidity-random.mp3,Queensrÿche-Silent lucidity-125712.mp3,Queensrÿche-Silent lucidity-min.mp3
Queensrÿche-Silent lucidity-random.mp3,Queensrÿche-Silent lucidity-138948.mp3,Queensrÿche-Silent lucidity-min.mp3
Queensrÿche-Silent lucidity-random.mp3,Queensrÿche-Silent lucidity-125712.mp3,Queensrÿche-Silent lucidity-84567.mp3
Queensrÿche-Silent lucidity-125712.mp3,Queensrÿche-Silent lucidity-84567.mp3,Queensrÿche-Silent lucidity-209629.mp3
Queensrÿche-Silent lucidity-random.mp3,Queensrÿche-Silent lucidity-84567.mp3,Queensrÿche-Silent lucidity-209629.mp3
Queensrÿche-Silent lucidity-min.mp3,Queensrÿche-Silent lucidity-random.mp3,Queensrÿche-Silent lucidity-138948.mp3
Queensrÿche-Silent lucidity-84567.mp3,Queensrÿche-Silent lucidity-min.mp3,Queensrÿche-Silent lucidity-209629.mp3
Queensrÿche-Silent lucidity-min.mp3,Queensrÿche-Silent lucidity-209629.mp3,Queensrÿche-Silent lucidity-138948.mp3
Queensrÿche-Silent lucidity-84567.mp3,Queensrÿche-Silent lucidity-209629.mp3,Queensrÿche-Silent lucidity-138948.mp3
Queensrÿche-Silent lucidity-84567.mp3,Queensrÿche-Silent lucidity-random.mp3,Queensrÿche-Silent lucidity-209629.mp3
Queensrÿche-Silent lucidity-min.mp3,Queensrÿche-Silent lucidity-209629.mp3,Queensrÿche-Silent lucidity-138948.mp3
Queensrÿche-Silent lucidity-random.mp3,Queensrÿche-Silent lucidity-125712.mp3,Queensrÿche-Silent lucidity-min.mp3
Queensrÿche-Silent lucidity-84567.mp3,Queensrÿche-Silent lucidity-min.mp3,Queensrÿche-Silent lucidity-125712.mp3
Queensrÿche-Silent lucidity-138948.mp3,Queensrÿche-Silent lucidity-random.mp3,Queensrÿche-Silent lucidity-209629.mp3
Queensrÿche-Silent lucidity-125712.mp3,Queensrÿche-Silent lucidity-138948.mp3,Queensrÿche-Silent lucidity-min.mp3
Queensrÿche-Silent lucidity-random.mp3,Queensrÿche-Silent lucidity-209629.mp3,Queensrÿche-Silent lucidity-125712.mp3
Queensrÿche-Silent lucidity-138948.mp3,Queensrÿche-Silent lucidity-125712.mp3,Queensrÿche-Silent lucidity-209629.mp3
Queensrÿche-Silent lucidity-125712.mp3,Queensrÿche-Silent lucidity-84567.mp3,Queensrÿche-Silent lucidity-209629.mp3
Queensrÿche-Silent lucidity-138948.mp3,Queensrÿche-Silent lucidity-min.mp3,Queensrÿche-Silent lucidity-209629.mp3
Queensrÿche-Silent lucidity-84567.mp3,Queensrÿche-Silent lucidity-random.mp3,Queensrÿche-Silent lucidity-209629.mp3
Queensrÿche-Silent lucidity-138948.mp3,Queensrÿche-Silent lucidity-84567.mp3,Queensrÿche-Silent lucidity-209629.mp3
Queensrÿche-Silent lucidity-84567.mp3,Queensrÿche-Silent lucidity-138948.mp3,Queensrÿche-Silent lucidity-min.mp3
Queensrÿche-Silent lucidity-random.mp3,Queensrÿche-Silent lucidity-min.mp3,Queensrÿche-Silent lucidity-138948.mp3
Queensrÿche-Silent lucidity-min.mp3,Queensrÿche-Silent lucidity-125712.mp3,Queensrÿche-Silent lucidity-209629.mp3
Queensrÿche-Silent lucidity-138948.mp3,Queensrÿche-Silent lucidity-84567.mp3,Queensrÿche-Silent lucidity-min.mp3
Queensrÿche-Silent lucidity-125712.mp3,Queensrÿche-Silent lucidity-random.mp3,Queensrÿche-Silent lucidity-84567.mp3
Queensrÿche-Silent lucidity-random.mp3,Queensrÿche-Silent lucidity-125712.mp3,Queensrÿche-Silent lucidity-209629.mp3
Queensrÿche-Silent lucidity-min.mp3,Queensrÿche-Silent lucidity-random.mp3,Queensrÿche-Silent lucidity-125712.mp3
