De Jeugd van Tegenwoordig-Sterrenstof-13003.mp3,De Jeugd van Tegenwoordig-Sterrenstof-166394.mp3,De Jeugd van Tegenwoordig-Sterrenstof-min.mp3
De Jeugd van Tegenwoordig-Sterrenstof-13003.mp3,De Jeugd van Tegenwoordig-Sterrenstof-166394.mp3,De Jeugd van Tegenwoordig-Sterrenstof-random.mp3
De Jeugd van Tegenwoordig-Sterrenstof-79690.mp3,De Jeugd van Tegenwoordig-Sterrenstof-min.mp3,De Jeugd van Tegenwoordig-Sterrenstof-55681.mp3
De Jeugd van Tegenwoordig-Sterrenstof-min.mp3,De Jeugd van Tegenwoordig-Sterrenstof-166394.mp3,De Jeugd van Tegenwoordig-Sterrenstof-13003.mp3
De Jeugd van Tegenwoordig-Sterrenstof-79690.mp3,De Jeugd van Tegenwoordig-Sterrenstof-166394.mp3,De Jeugd van Tegenwoordig-Sterrenstof-55681.mp3
De Jeugd van Tegenwoordig-Sterrenstof-random.mp3,De Jeugd van Tegenwoordig-Sterrenstof-79690.mp3,De Jeugd van Tegenwoordig-Sterrenstof-55681.mp3
De Jeugd van Tegenwoordig-Sterrenstof-random.mp3,De Jeugd van Tegenwoordig-Sterrenstof-166394.mp3,De Jeugd van Tegenwoordig-Sterrenstof-13003.mp3
De Jeugd van Tegenwoordig-Sterrenstof-166394.mp3,De Jeugd van Tegenwoordig-Sterrenstof-random.mp3,De Jeugd van Tegenwoordig-Sterrenstof-13003.mp3
De Jeugd van Tegenwoordig-Sterrenstof-min.mp3,De Jeugd van Tegenwoordig-Sterrenstof-79690.mp3,De Jeugd van Tegenwoordig-Sterrenstof-random.mp3
De Jeugd van Tegenwoordig-Sterrenstof-min.mp3,De Jeugd van Tegenwoordig-Sterrenstof-13003.mp3,De Jeugd van Tegenwoordig-Sterrenstof-166394.mp3
De Jeugd van Tegenwoordig-Sterrenstof-random.mp3,De Jeugd van Tegenwoordig-Sterrenstof-79690.mp3,De Jeugd van Tegenwoordig-Sterrenstof-min.mp3
De Jeugd van Tegenwoordig-Sterrenstof-min.mp3,De Jeugd van Tegenwoordig-Sterrenstof-random.mp3,De Jeugd van Tegenwoordig-Sterrenstof-55681.mp3
De Jeugd van Tegenwoordig-Sterrenstof-13003.mp3,De Jeugd van Tegenwoordig-Sterrenstof-random.mp3,De Jeugd van Tegenwoordig-Sterrenstof-55681.mp3
De Jeugd van Tegenwoordig-Sterrenstof-166394.mp3,De Jeugd van Tegenwoordig-Sterrenstof-79690.mp3,De Jeugd van Tegenwoordig-Sterrenstof-55681.mp3
De Jeugd van Tegenwoordig-Sterrenstof-13003.mp3,De Jeugd van Tegenwoordig-Sterrenstof-166394.mp3,De Jeugd van Tegenwoordig-Sterrenstof-min.mp3
De Jeugd van Tegenwoordig-Sterrenstof-79690.mp3,De Jeugd van Tegenwoordig-Sterrenstof-13003.mp3,De Jeugd van Tegenwoordig-Sterrenstof-min.mp3
De Jeugd van Tegenwoordig-Sterrenstof-min.mp3,De Jeugd van Tegenwoordig-Sterrenstof-55681.mp3,De Jeugd van Tegenwoordig-Sterrenstof-79690.mp3
De Jeugd van Tegenwoordig-Sterrenstof-79690.mp3,De Jeugd van Tegenwoordig-Sterrenstof-random.mp3,De Jeugd van Tegenwoordig-Sterrenstof-13003.mp3
De Jeugd van Tegenwoordig-Sterrenstof-random.mp3,De Jeugd van Tegenwoordig-Sterrenstof-min.mp3,De Jeugd van Tegenwoordig-Sterrenstof-166394.mp3
De Jeugd van Tegenwoordig-Sterrenstof-random.mp3,De Jeugd van Tegenwoordig-Sterrenstof-79690.mp3,De Jeugd van Tegenwoordig-Sterrenstof-55681.mp3
De Jeugd van Tegenwoordig-Sterrenstof-55681.mp3,De Jeugd van Tegenwoordig-Sterrenstof-79690.mp3,De Jeugd van Tegenwoordig-Sterrenstof-random.mp3
De Jeugd van Tegenwoordig-Sterrenstof-166394.mp3,De Jeugd van Tegenwoordig-Sterrenstof-random.mp3,De Jeugd van Tegenwoordig-Sterrenstof-13003.mp3
De Jeugd van Tegenwoordig-Sterrenstof-166394.mp3,De Jeugd van Tegenwoordig-Sterrenstof-55681.mp3,De Jeugd van Tegenwoordig-Sterrenstof-random.mp3
De Jeugd van Tegenwoordig-Sterrenstof-55681.mp3,De Jeugd van Tegenwoordig-Sterrenstof-79690.mp3,De Jeugd van Tegenwoordig-Sterrenstof-min.mp3
De Jeugd van Tegenwoordig-Sterrenstof-min.mp3,De Jeugd van Tegenwoordig-Sterrenstof-166394.mp3,De Jeugd van Tegenwoordig-Sterrenstof-79690.mp3
De Jeugd van Tegenwoordig-Sterrenstof-random.mp3,De Jeugd van Tegenwoordig-Sterrenstof-55681.mp3,De Jeugd van Tegenwoordig-Sterrenstof-166394.mp3
De Jeugd van Tegenwoordig-Sterrenstof-random.mp3,De Jeugd van Tegenwoordig-Sterrenstof-166394.mp3,De Jeugd van Tegenwoordig-Sterrenstof-13003.mp3
De Jeugd van Tegenwoordig-Sterrenstof-55681.mp3,De Jeugd van Tegenwoordig-Sterrenstof-13003.mp3,De Jeugd van Tegenwoordig-Sterrenstof-79690.mp3
De Jeugd van Tegenwoordig-Sterrenstof-random.mp3,De Jeugd van Tegenwoordig-Sterrenstof-79690.mp3,De Jeugd van Tegenwoordig-Sterrenstof-13003.mp3
De Jeugd van Tegenwoordig-Sterrenstof-min.mp3,De Jeugd van Tegenwoordig-Sterrenstof-79690.mp3,De Jeugd van Tegenwoordig-Sterrenstof-13003.mp3
De Jeugd van Tegenwoordig-Sterrenstof-min.mp3,De Jeugd van Tegenwoordig-Sterrenstof-79690.mp3,De Jeugd van Tegenwoordig-Sterrenstof-166394.mp3
De Jeugd van Tegenwoordig-Sterrenstof-166394.mp3,De Jeugd van Tegenwoordig-Sterrenstof-79690.mp3,De Jeugd van Tegenwoordig-Sterrenstof-random.mp3
De Jeugd van Tegenwoordig-Sterrenstof-166394.mp3,De Jeugd van Tegenwoordig-Sterrenstof-79690.mp3,De Jeugd van Tegenwoordig-Sterrenstof-min.mp3
De Jeugd van Tegenwoordig-Sterrenstof-random.mp3,De Jeugd van Tegenwoordig-Sterrenstof-min.mp3,De Jeugd van Tegenwoordig-Sterrenstof-13003.mp3
De Jeugd van Tegenwoordig-Sterrenstof-79690.mp3,De Jeugd van Tegenwoordig-Sterrenstof-min.mp3,De Jeugd van Tegenwoordig-Sterrenstof-166394.mp3
De Jeugd van Tegenwoordig-Sterrenstof-79690.mp3,De Jeugd van Tegenwoordig-Sterrenstof-13003.mp3,De Jeugd van Tegenwoordig-Sterrenstof-random.mp3
De Jeugd van Tegenwoordig-Sterrenstof-55681.mp3,De Jeugd van Tegenwoordig-Sterrenstof-79690.mp3,De Jeugd van Tegenwoordig-Sterrenstof-13003.mp3
De Jeugd van Tegenwoordig-Sterrenstof-min.mp3,De Jeugd van Tegenwoordig-Sterrenstof-55681.mp3,De Jeugd van Tegenwoordig-Sterrenstof-13003.mp3
De Jeugd van Tegenwoordig-Sterrenstof-55681.mp3,De Jeugd van Tegenwoordig-Sterrenstof-min.mp3,De Jeugd van Tegenwoordig-Sterrenstof-166394.mp3
De Jeugd van Tegenwoordig-Sterrenstof-min.mp3,De Jeugd van Tegenwoordig-Sterrenstof-79690.mp3,De Jeugd van Tegenwoordig-Sterrenstof-13003.mp3
De Jeugd van Tegenwoordig-Sterrenstof-random.mp3,De Jeugd van Tegenwoordig-Sterrenstof-min.mp3,De Jeugd van Tegenwoordig-Sterrenstof-55681.mp3
De Jeugd van Tegenwoordig-Sterrenstof-13003.mp3,De Jeugd van Tegenwoordig-Sterrenstof-55681.mp3,De Jeugd van Tegenwoordig-Sterrenstof-166394.mp3
