Coldplay-The scientist-187663.mp3,Coldplay-The scientist-random.mp3,Coldplay-The scientist-200388.mp3
Coldplay-The scientist-random.mp3,Coldplay-The scientist-187663.mp3,Coldplay-The scientist-200388.mp3
Coldplay-The scientist-random.mp3,Coldplay-The scientist-min.mp3,Coldplay-The scientist-91022.mp3
Coldplay-The scientist-min.mp3,Coldplay-The scientist-15650.mp3,Coldplay-The scientist-91022.mp3
Coldplay-The scientist-187663.mp3,Coldplay-The scientist-200388.mp3,Coldplay-The scientist-random.mp3
Coldplay-The scientist-random.mp3,Coldplay-The scientist-200388.mp3,Coldplay-The scientist-187663.mp3
Coldplay-The scientist-187663.mp3,Coldplay-The scientist-91022.mp3,Coldplay-The scientist-15650.mp3
Coldplay-The scientist-187663.mp3,Coldplay-The scientist-91022.mp3,Coldplay-The scientist-random.mp3
Coldplay-The scientist-187663.mp3,Coldplay-The scientist-random.mp3,Coldplay-The scientist-15650.mp3
Coldplay-The scientist-91022.mp3,Coldplay-The scientist-15650.mp3,Coldplay-The scientist-min.mp3
Coldplay-The scientist-200388.mp3,Coldplay-The scientist-91022.mp3,Coldplay-The scientist-min.mp3
Coldplay-The scientist-187663.mp3,Coldplay-The scientist-200388.mp3,Coldplay-The scientist-15650.mp3
Coldplay-The scientist-91022.mp3,Coldplay-The scientist-random.mp3,Coldplay-The scientist-15650.mp3
Coldplay-The scientist-200388.mp3,Coldplay-The scientist-random.mp3,Coldplay-The scientist-min.mp3
Coldplay-The scientist-random.mp3,Coldplay-The scientist-91022.mp3,Coldplay-The scientist-15650.mp3
Coldplay-The scientist-200388.mp3,Coldplay-The scientist-187663.mp3,Coldplay-The scientist-min.mp3
Coldplay-The scientist-187663.mp3,Coldplay-The scientist-200388.mp3,Coldplay-The scientist-random.mp3
Coldplay-The scientist-91022.mp3,Coldplay-The scientist-187663.mp3,Coldplay-The scientist-random.mp3
Coldplay-The scientist-187663.mp3,Coldplay-The scientist-200388.mp3,Coldplay-The scientist-random.mp3
Coldplay-The scientist-200388.mp3,Coldplay-The scientist-min.mp3,Coldplay-The scientist-random.mp3
Coldplay-The scientist-random.mp3,Coldplay-The scientist-187663.mp3,Coldplay-The scientist-91022.mp3
Coldplay-The scientist-187663.mp3,Coldplay-The scientist-200388.mp3,Coldplay-The scientist-random.mp3
Coldplay-The scientist-91022.mp3,Coldplay-The scientist-min.mp3,Coldplay-The scientist-random.mp3
Coldplay-The scientist-91022.mp3,Coldplay-The scientist-random.mp3,Coldplay-The scientist-200388.mp3
Coldplay-The scientist-min.mp3,Coldplay-The scientist-91022.mp3,Coldplay-The scientist-random.mp3
Coldplay-The scientist-200388.mp3,Coldplay-The scientist-91022.mp3,Coldplay-The scientist-15650.mp3
Coldplay-The scientist-91022.mp3,Coldplay-The scientist-200388.mp3,Coldplay-The scientist-15650.mp3
Coldplay-The scientist-min.mp3,Coldplay-The scientist-187663.mp3,Coldplay-The scientist-random.mp3
Coldplay-The scientist-15650.mp3,Coldplay-The scientist-random.mp3,Coldplay-The scientist-187663.mp3
Coldplay-The scientist-random.mp3,Coldplay-The scientist-200388.mp3,Coldplay-The scientist-187663.mp3
Coldplay-The scientist-min.mp3,Coldplay-The scientist-200388.mp3,Coldplay-The scientist-15650.mp3
Coldplay-The scientist-200388.mp3,Coldplay-The scientist-91022.mp3,Coldplay-The scientist-random.mp3
Coldplay-The scientist-200388.mp3,Coldplay-The scientist-91022.mp3,Coldplay-The scientist-15650.mp3
Coldplay-The scientist-187663.mp3,Coldplay-The scientist-200388.mp3,Coldplay-The scientist-15650.mp3
Coldplay-The scientist-15650.mp3,Coldplay-The scientist-187663.mp3,Coldplay-The scientist-random.mp3
Coldplay-The scientist-200388.mp3,Coldplay-The scientist-min.mp3,Coldplay-The scientist-15650.mp3
Coldplay-The scientist-200388.mp3,Coldplay-The scientist-random.mp3,Coldplay-The scientist-91022.mp3
Coldplay-The scientist-91022.mp3,Coldplay-The scientist-15650.mp3,Coldplay-The scientist-random.mp3
Coldplay-The scientist-187663.mp3,Coldplay-The scientist-min.mp3,Coldplay-The scientist-15650.mp3
Coldplay-The scientist-200388.mp3,Coldplay-The scientist-187663.mp3,Coldplay-The scientist-min.mp3
Coldplay-The scientist-200388.mp3,Coldplay-The scientist-random.mp3,Coldplay-The scientist-91022.mp3
Coldplay-The scientist-200388.mp3,Coldplay-The scientist-random.mp3,Coldplay-The scientist-91022.mp3
Coldplay-The scientist-187663.mp3,Coldplay-The scientist-200388.mp3,Coldplay-The scientist-91022.mp3
