Metallica-The unforgiven-min.mp3,Metallica-The unforgiven-96920.mp3,Metallica-The unforgiven-186827.mp3
Metallica-The unforgiven-186827.mp3,Metallica-The unforgiven-96920.mp3,Metallica-The unforgiven-min.mp3
Metallica-The unforgiven-min.mp3,Metallica-The unforgiven-96920.mp3,Metallica-The unforgiven-8452.mp3
Metallica-The unforgiven-69102.mp3,Metallica-The unforgiven-8452.mp3,Metallica-The unforgiven-random.mp3
Metallica-The unforgiven-96920.mp3,Metallica-The unforgiven-186827.mp3,Metallica-The unforgiven-random.mp3
Metallica-The unforgiven-186827.mp3,Metallica-The unforgiven-random.mp3,Metallica-The unforgiven-8452.mp3
Metallica-The unforgiven-186827.mp3,Metallica-The unforgiven-69102.mp3,Metallica-The unforgiven-8452.mp3
Metallica-The unforgiven-186827.mp3,Metallica-The unforgiven-96920.mp3,Metallica-The unforgiven-min.mp3
Metallica-The unforgiven-96920.mp3,Metallica-The unforgiven-69102.mp3,Metallica-The unforgiven-8452.mp3
Metallica-The unforgiven-8452.mp3,Metallica-The unforgiven-69102.mp3,Metallica-The unforgiven-186827.mp3
Metallica-The unforgiven-69102.mp3,Metallica-The unforgiven-186827.mp3,Metallica-The unforgiven-random.mp3
Metallica-The unforgiven-186827.mp3,Metallica-The unforgiven-min.mp3,Metallica-The unforgiven-random.mp3
Metallica-The unforgiven-min.mp3,Metallica-The unforgiven-96920.mp3,Metallica-The unforgiven-8452.mp3
Metallica-The unforgiven-min.mp3,Metallica-The unforgiven-96920.mp3,Metallica-The unforgiven-8452.mp3
Metallica-The unforgiven-96920.mp3,Metallica-The unforgiven-186827.mp3,Metallica-The unforgiven-min.mp3
Metallica-The unforgiven-96920.mp3,Metallica-The unforgiven-min.mp3,Metallica-The unforgiven-random.mp3
Metallica-The unforgiven-8452.mp3,Metallica-The unforgiven-min.mp3,Metallica-The unforgiven-69102.mp3
Metallica-The unforgiven-69102.mp3,Metallica-The unforgiven-96920.mp3,Metallica-The unforgiven-8452.mp3
Metallica-The unforgiven-random.mp3,Metallica-The unforgiven-69102.mp3,Metallica-The unforgiven-8452.mp3
Metallica-The unforgiven-69102.mp3,Metallica-The unforgiven-random.mp3,Metallica-The unforgiven-186827.mp3
Metallica-The unforgiven-random.mp3,Metallica-The unforgiven-96920.mp3,Metallica-The unforgiven-69102.mp3
Metallica-The unforgiven-8452.mp3,Metallica-The unforgiven-96920.mp3,Metallica-The unforgiven-69102.mp3
Metallica-The unforgiven-69102.mp3,Metallica-The unforgiven-186827.mp3,Metallica-The unforgiven-8452.mp3
Metallica-The unforgiven-96920.mp3,Metallica-The unforgiven-min.mp3,Metallica-The unforgiven-8452.mp3
Metallica-The unforgiven-186827.mp3,Metallica-The unforgiven-random.mp3,Metallica-The unforgiven-69102.mp3
Metallica-The unforgiven-8452.mp3,Metallica-The unforgiven-186827.mp3,Metallica-The unforgiven-min.mp3
Metallica-The unforgiven-8452.mp3,Metallica-The unforgiven-96920.mp3,Metallica-The unforgiven-186827.mp3
Metallica-The unforgiven-96920.mp3,Metallica-The unforgiven-69102.mp3,Metallica-The unforgiven-min.mp3
Metallica-The unforgiven-69102.mp3,Metallica-The unforgiven-96920.mp3,Metallica-The unforgiven-random.mp3
Metallica-The unforgiven-186827.mp3,Metallica-The unforgiven-69102.mp3,Metallica-The unforgiven-8452.mp3
Metallica-The unforgiven-96920.mp3,Metallica-The unforgiven-random.mp3,Metallica-The unforgiven-8452.mp3
Metallica-The unforgiven-random.mp3,Metallica-The unforgiven-8452.mp3,Metallica-The unforgiven-min.mp3
Metallica-The unforgiven-186827.mp3,Metallica-The unforgiven-69102.mp3,Metallica-The unforgiven-8452.mp3
Metallica-The unforgiven-8452.mp3,Metallica-The unforgiven-min.mp3,Metallica-The unforgiven-random.mp3
Metallica-The unforgiven-69102.mp3,Metallica-The unforgiven-min.mp3,Metallica-The unforgiven-186827.mp3
Metallica-The unforgiven-69102.mp3,Metallica-The unforgiven-min.mp3,Metallica-The unforgiven-8452.mp3
Metallica-The unforgiven-186827.mp3,Metallica-The unforgiven-random.mp3,Metallica-The unforgiven-8452.mp3
Metallica-The unforgiven-min.mp3,Metallica-The unforgiven-random.mp3,Metallica-The unforgiven-8452.mp3
Metallica-The unforgiven-69102.mp3,Metallica-The unforgiven-random.mp3,Metallica-The unforgiven-8452.mp3
Metallica-The unforgiven-random.mp3,Metallica-The unforgiven-96920.mp3,Metallica-The unforgiven-8452.mp3
Metallica-The unforgiven-69102.mp3,Metallica-The unforgiven-min.mp3,Metallica-The unforgiven-186827.mp3
