Jimi Hendrix-The wind cries Mary-140620.mp3,Jimi Hendrix-The wind cries Mary-13421.mp3,Jimi Hendrix-The wind cries Mary-min.mp3
Jimi Hendrix-The wind cries Mary-random.mp3,Jimi Hendrix-The wind cries Mary-140620.mp3,Jimi Hendrix-The wind cries Mary-13421.mp3
Jimi Hendrix-The wind cries Mary-min.mp3,Jimi Hendrix-The wind cries Mary-13421.mp3,Jimi Hendrix-The wind cries Mary-random.mp3
Jimi Hendrix-The wind cries Mary-min.mp3,Jimi Hendrix-The wind cries Mary-45325.mp3,Jimi Hendrix-The wind cries Mary-140620.mp3
Jimi Hendrix-The wind cries Mary-min.mp3,Jimi Hendrix-The wind cries Mary-random.mp3,Jimi Hendrix-The wind cries Mary-45325.mp3
Jimi Hendrix-The wind cries Mary-random.mp3,Jimi Hendrix-The wind cries Mary-140620.mp3,Jimi Hendrix-The wind cries Mary-min.mp3
Jimi Hendrix-The wind cries Mary-13421.mp3,Jimi Hendrix-The wind cries Mary-min.mp3,Jimi Hendrix-The wind cries Mary-140620.mp3
Jimi Hendrix-The wind cries Mary-371.mp3,Jimi Hendrix-The wind cries Mary-45325.mp3,Jimi Hendrix-The wind cries Mary-13421.mp3
Jimi Hendrix-The wind cries Mary-random.mp3,Jimi Hendrix-The wind cries Mary-45325.mp3,Jimi Hendrix-The wind cries Mary-140620.mp3
Jimi Hendrix-The wind cries Mary-45325.mp3,Jimi Hendrix-The wind cries Mary-13421.mp3,Jimi Hendrix-The wind cries Mary-371.mp3
Jimi Hendrix-The wind cries Mary-371.mp3,Jimi Hendrix-The wind cries Mary-min.mp3,Jimi Hendrix-The wind cries Mary-13421.mp3
Jimi Hendrix-The wind cries Mary-random.mp3,Jimi Hendrix-The wind cries Mary-min.mp3,Jimi Hendrix-The wind cries Mary-13421.mp3
Jimi Hendrix-The wind cries Mary-140620.mp3,Jimi Hendrix-The wind cries Mary-13421.mp3,Jimi Hendrix-The wind cries Mary-45325.mp3
Jimi Hendrix-The wind cries Mary-min.mp3,Jimi Hendrix-The wind cries Mary-45325.mp3,Jimi Hendrix-The wind cries Mary-random.mp3
Jimi Hendrix-The wind cries Mary-140620.mp3,Jimi Hendrix-The wind cries Mary-min.mp3,Jimi Hendrix-The wind cries Mary-371.mp3
Jimi Hendrix-The wind cries Mary-140620.mp3,Jimi Hendrix-The wind cries Mary-min.mp3,Jimi Hendrix-The wind cries Mary-371.mp3
Jimi Hendrix-The wind cries Mary-140620.mp3,Jimi Hendrix-The wind cries Mary-45325.mp3,Jimi Hendrix-The wind cries Mary-min.mp3
Jimi Hendrix-The wind cries Mary-random.mp3,Jimi Hendrix-The wind cries Mary-min.mp3,Jimi Hendrix-The wind cries Mary-45325.mp3
Jimi Hendrix-The wind cries Mary-371.mp3,Jimi Hendrix-The wind cries Mary-13421.mp3,Jimi Hendrix-The wind cries Mary-45325.mp3
Jimi Hendrix-The wind cries Mary-min.mp3,Jimi Hendrix-The wind cries Mary-45325.mp3,Jimi Hendrix-The wind cries Mary-140620.mp3
Jimi Hendrix-The wind cries Mary-random.mp3,Jimi Hendrix-The wind cries Mary-13421.mp3,Jimi Hendrix-The wind cries Mary-371.mp3
Jimi Hendrix-The wind cries Mary-13421.mp3,Jimi Hendrix-The wind cries Mary-min.mp3,Jimi Hendrix-The wind cries Mary-371.mp3
Jimi Hendrix-The wind cries Mary-13421.mp3,Jimi Hendrix-The wind cries Mary-random.mp3,Jimi Hendrix-The wind cries Mary-45325.mp3
Jimi Hendrix-The wind cries Mary-min.mp3,Jimi Hendrix-The wind cries Mary-13421.mp3,Jimi Hendrix-The wind cries Mary-45325.mp3
Jimi Hendrix-The wind cries Mary-45325.mp3,Jimi Hendrix-The wind cries Mary-140620.mp3,Jimi Hendrix-The wind cries Mary-min.mp3
Jimi Hendrix-The wind cries Mary-random.mp3,Jimi Hendrix-The wind cries Mary-371.mp3,Jimi Hendrix-The wind cries Mary-min.mp3
Jimi Hendrix-The wind cries Mary-random.mp3,Jimi Hendrix-The wind cries Mary-13421.mp3,Jimi Hendrix-The wind cries Mary-min.mp3
Jimi Hendrix-The wind cries Mary-random.mp3,Jimi Hendrix-The wind cries Mary-13421.mp3,Jimi Hendrix-The wind cries Mary-371.mp3
Jimi Hendrix-The wind cries Mary-45325.mp3,Jimi Hendrix-The wind cries Mary-140620.mp3,Jimi Hendrix-The wind cries Mary-min.mp3
Jimi Hendrix-The wind cries Mary-min.mp3,Jimi Hendrix-The wind cries Mary-45325.mp3,Jimi Hendrix-The wind cries Mary-371.mp3
Jimi Hendrix-The wind cries Mary-140620.mp3,Jimi Hendrix-The wind cries Mary-min.mp3,Jimi Hendrix-The wind cries Mary-371.mp3
Jimi Hendrix-The wind cries Mary-13421.mp3,Jimi Hendrix-The wind cries Mary-min.mp3,Jimi Hendrix-The wind cries Mary-140620.mp3
Jimi Hendrix-The wind cries Mary-random.mp3,Jimi Hendrix-The wind cries Mary-140620.mp3,Jimi Hendrix-The wind cries Mary-371.mp3
Jimi Hendrix-The wind cries Mary-random.mp3,Jimi Hendrix-The wind cries Mary-45325.mp3,Jimi Hendrix-The wind cries Mary-140620.mp3
Jimi Hendrix-The wind cries Mary-random.mp3,Jimi Hendrix-The wind cries Mary-13421.mp3,Jimi Hendrix-The wind cries Mary-min.mp3
Jimi Hendrix-The wind cries Mary-371.mp3,Jimi Hendrix-The wind cries Mary-45325.mp3,Jimi Hendrix-The wind cries Mary-140620.mp3
Jimi Hendrix-The wind cries Mary-random.mp3,Jimi Hendrix-The wind cries Mary-13421.mp3,Jimi Hendrix-The wind cries Mary-min.mp3
Jimi Hendrix-The wind cries Mary-13421.mp3,Jimi Hendrix-The wind cries Mary-45325.mp3,Jimi Hendrix-The wind cries Mary-140620.mp3
Jimi Hendrix-The wind cries Mary-random.mp3,Jimi Hendrix-The wind cries Mary-45325.mp3,Jimi Hendrix-The wind cries Mary-140620.mp3
Jimi Hendrix-The wind cries Mary-random.mp3,Jimi Hendrix-The wind cries Mary-45325.mp3,Jimi Hendrix-The wind cries Mary-13421.mp3
Jimi Hendrix-The wind cries Mary-random.mp3,Jimi Hendrix-The wind cries Mary-13421.mp3,Jimi Hendrix-The wind cries Mary-371.mp3
Jimi Hendrix-The wind cries Mary-45325.mp3,Jimi Hendrix-The wind cries Mary-min.mp3,Jimi Hendrix-The wind cries Mary-371.mp3
Jimi Hendrix-The wind cries Mary-140620.mp3,Jimi Hendrix-The wind cries Mary-13421.mp3,Jimi Hendrix-The wind cries Mary-45325.mp3
Jimi Hendrix-The wind cries Mary-min.mp3,Jimi Hendrix-The wind cries Mary-140620.mp3,Jimi Hendrix-The wind cries Mary-45325.mp3
Jimi Hendrix-The wind cries Mary-random.mp3,Jimi Hendrix-The wind cries Mary-140620.mp3,Jimi Hendrix-The wind cries Mary-371.mp3
