Boudewijn de Groot-Welterusten mijnheer de president -min.mp3,Boudewijn de Groot-Welterusten mijnheer de president -87632.mp3,Boudewijn de Groot-Welterusten mijnheer de president -10727.mp3
Boudewijn de Groot-Welterusten mijnheer de president -min.mp3,Boudewijn de Groot-Welterusten mijnheer de president -random.mp3,Boudewijn de Groot-Welterusten mijnheer de president -87632.mp3
Boudewijn de Groot-Welterusten mijnheer de president -87632.mp3,Boudewijn de Groot-Welterusten mijnheer de president -random.mp3,Boudewijn de Groot-Welterusten mijnheer de president -0.mp3
Boudewijn de Groot-Welterusten mijnheer de president -min.mp3,Boudewijn de Groot-Welterusten mijnheer de president -87632.mp3,Boudewijn de Groot-Welterusten mijnheer de president -10727.mp3
Boudewijn de Groot-Welterusten mijnheer de president -10727.mp3,Boudewijn de Groot-Welterusten mijnheer de president -87632.mp3,Boudewijn de Groot-Welterusten mijnheer de president -0.mp3
Boudewijn de Groot-Welterusten mijnheer de president -min.mp3,Boudewijn de Groot-Welterusten mijnheer de president -random.mp3,Boudewijn de Groot-Welterusten mijnheer de president -0.mp3
Boudewijn de Groot-Welterusten mijnheer de president -10727.mp3,Boudewijn de Groot-Welterusten mijnheer de president -random.mp3,Boudewijn de Groot-Welterusten mijnheer de president -0.mp3
Boudewijn de Groot-Welterusten mijnheer de president -random.mp3,Boudewijn de Groot-Welterusten mijnheer de president -87632.mp3,Boudewijn de Groot-Welterusten mijnheer de president -0.mp3
Boudewijn de Groot-Welterusten mijnheer de president -min.mp3,Boudewijn de Groot-Welterusten mijnheer de president -10727.mp3,Boudewijn de Groot-Welterusten mijnheer de president -random.mp3
Boudewijn de Groot-Welterusten mijnheer de president -87632.mp3,Boudewijn de Groot-Welterusten mijnheer de president -0.mp3,Boudewijn de Groot-Welterusten mijnheer de president -random.mp3
Boudewijn de Groot-Welterusten mijnheer de president -10727.mp3,Boudewijn de Groot-Welterusten mijnheer de president -87632.mp3,Boudewijn de Groot-Welterusten mijnheer de president -0.mp3
Boudewijn de Groot-Welterusten mijnheer de president -39009.mp3,Boudewijn de Groot-Welterusten mijnheer de president -10727.mp3,Boudewijn de Groot-Welterusten mijnheer de president -random.mp3
Boudewijn de Groot-Welterusten mijnheer de president -10727.mp3,Boudewijn de Groot-Welterusten mijnheer de president -random.mp3,Boudewijn de Groot-Welterusten mijnheer de president -min.mp3
Boudewijn de Groot-Welterusten mijnheer de president -39009.mp3,Boudewijn de Groot-Welterusten mijnheer de president -random.mp3,Boudewijn de Groot-Welterusten mijnheer de president -0.mp3
Boudewijn de Groot-Welterusten mijnheer de president -10727.mp3,Boudewijn de Groot-Welterusten mijnheer de president -39009.mp3,Boudewijn de Groot-Welterusten mijnheer de president -0.mp3
Boudewijn de Groot-Welterusten mijnheer de president -0.mp3,Boudewijn de Groot-Welterusten mijnheer de president -87632.mp3,Boudewijn de Groot-Welterusten mijnheer de president -10727.mp3
Boudewijn de Groot-Welterusten mijnheer de president -87632.mp3,Boudewijn de Groot-Welterusten mijnheer de president -39009.mp3,Boudewijn de Groot-Welterusten mijnheer de president -random.mp3
Boudewijn de Groot-Welterusten mijnheer de president -min.mp3,Boudewijn de Groot-Welterusten mijnheer de president -random.mp3,Boudewijn de Groot-Welterusten mijnheer de president -0.mp3
Boudewijn de Groot-Welterusten mijnheer de president -87632.mp3,Boudewijn de Groot-Welterusten mijnheer de president -random.mp3,Boudewijn de Groot-Welterusten mijnheer de president -0.mp3
Boudewijn de Groot-Welterusten mijnheer de president -87632.mp3,Boudewijn de Groot-Welterusten mijnheer de president -min.mp3,Boudewijn de Groot-Welterusten mijnheer de president -0.mp3
Boudewijn de Groot-Welterusten mijnheer de president -min.mp3,Boudewijn de Groot-Welterusten mijnheer de president -39009.mp3,Boudewijn de Groot-Welterusten mijnheer de president -random.mp3
Boudewijn de Groot-Welterusten mijnheer de president -87632.mp3,Boudewijn de Groot-Welterusten mijnheer de president -random.mp3,Boudewijn de Groot-Welterusten mijnheer de president -0.mp3
Boudewijn de Groot-Welterusten mijnheer de president -39009.mp3,Boudewijn de Groot-Welterusten mijnheer de president -random.mp3,Boudewijn de Groot-Welterusten mijnheer de president -87632.mp3
Boudewijn de Groot-Welterusten mijnheer de president -10727.mp3,Boudewijn de Groot-Welterusten mijnheer de president -min.mp3,Boudewijn de Groot-Welterusten mijnheer de president -random.mp3
Boudewijn de Groot-Welterusten mijnheer de president -39009.mp3,Boudewijn de Groot-Welterusten mijnheer de president -10727.mp3,Boudewijn de Groot-Welterusten mijnheer de president -min.mp3
Boudewijn de Groot-Welterusten mijnheer de president -0.mp3,Boudewijn de Groot-Welterusten mijnheer de president -87632.mp3,Boudewijn de Groot-Welterusten mijnheer de president -39009.mp3
Boudewijn de Groot-Welterusten mijnheer de president -random.mp3,Boudewijn de Groot-Welterusten mijnheer de president -39009.mp3,Boudewijn de Groot-Welterusten mijnheer de president -0.mp3
Boudewijn de Groot-Welterusten mijnheer de president -87632.mp3,Boudewijn de Groot-Welterusten mijnheer de president -39009.mp3,Boudewijn de Groot-Welterusten mijnheer de president -min.mp3
Boudewijn de Groot-Welterusten mijnheer de president -0.mp3,Boudewijn de Groot-Welterusten mijnheer de president -39009.mp3,Boudewijn de Groot-Welterusten mijnheer de president -min.mp3
Boudewijn de Groot-Welterusten mijnheer de president -39009.mp3,Boudewijn de Groot-Welterusten mijnheer de president -0.mp3,Boudewijn de Groot-Welterusten mijnheer de president -10727.mp3
Boudewijn de Groot-Welterusten mijnheer de president -10727.mp3,Boudewijn de Groot-Welterusten mijnheer de president -min.mp3,Boudewijn de Groot-Welterusten mijnheer de president -87632.mp3
Boudewijn de Groot-Welterusten mijnheer de president -10727.mp3,Boudewijn de Groot-Welterusten mijnheer de president -39009.mp3,Boudewijn de Groot-Welterusten mijnheer de president -0.mp3
Boudewijn de Groot-Welterusten mijnheer de president -random.mp3,Boudewijn de Groot-Welterusten mijnheer de president -87632.mp3,Boudewijn de Groot-Welterusten mijnheer de president -39009.mp3
Boudewijn de Groot-Welterusten mijnheer de president -random.mp3,Boudewijn de Groot-Welterusten mijnheer de president -0.mp3,Boudewijn de Groot-Welterusten mijnheer de president -87632.mp3
Boudewijn de Groot-Welterusten mijnheer de president -random.mp3,Boudewijn de Groot-Welterusten mijnheer de president -39009.mp3,Boudewijn de Groot-Welterusten mijnheer de president -min.mp3
Boudewijn de Groot-Welterusten mijnheer de president -87632.mp3,Boudewijn de Groot-Welterusten mijnheer de president -min.mp3,Boudewijn de Groot-Welterusten mijnheer de president -random.mp3
Boudewijn de Groot-Welterusten mijnheer de president -87632.mp3,Boudewijn de Groot-Welterusten mijnheer de president -min.mp3,Boudewijn de Groot-Welterusten mijnheer de president -0.mp3
Boudewijn de Groot-Welterusten mijnheer de president -39009.mp3,Boudewijn de Groot-Welterusten mijnheer de president -random.mp3,Boudewijn de Groot-Welterusten mijnheer de president -0.mp3
Boudewijn de Groot-Welterusten mijnheer de president -min.mp3,Boudewijn de Groot-Welterusten mijnheer de president -39009.mp3,Boudewijn de Groot-Welterusten mijnheer de president -87632.mp3
Boudewijn de Groot-Welterusten mijnheer de president -87632.mp3,Boudewijn de Groot-Welterusten mijnheer de president -min.mp3,Boudewijn de Groot-Welterusten mijnheer de president -39009.mp3
Boudewijn de Groot-Welterusten mijnheer de president -10727.mp3,Boudewijn de Groot-Welterusten mijnheer de president -87632.mp3,Boudewijn de Groot-Welterusten mijnheer de president -0.mp3
Boudewijn de Groot-Welterusten mijnheer de president -87632.mp3,Boudewijn de Groot-Welterusten mijnheer de president -min.mp3,Boudewijn de Groot-Welterusten mijnheer de president -0.mp3
Boudewijn de Groot-Welterusten mijnheer de president -87632.mp3,Boudewijn de Groot-Welterusten mijnheer de president -10727.mp3,Boudewijn de Groot-Welterusten mijnheer de president -0.mp3
