Nick Cave-Where the wild roses grow-random.mp3,Nick Cave-Where the wild roses grow-159288.mp3,Nick Cave-Where the wild roses grow-133793.mp3
Nick Cave-Where the wild roses grow-133793.mp3,Nick Cave-Where the wild roses grow-159288.mp3,Nick Cave-Where the wild roses grow-min.mp3
Nick Cave-Where the wild roses grow-194954.mp3,Nick Cave-Where the wild roses grow-random.mp3,Nick Cave-Where the wild roses grow-min.mp3
Nick Cave-Where the wild roses grow-194954.mp3,Nick Cave-Where the wild roses grow-32972.mp3,Nick Cave-Where the wild roses grow-159288.mp3
Nick Cave-Where the wild roses grow-133793.mp3,Nick Cave-Where the wild roses grow-32972.mp3,Nick Cave-Where the wild roses grow-159288.mp3
Nick Cave-Where the wild roses grow-32972.mp3,Nick Cave-Where the wild roses grow-min.mp3,Nick Cave-Where the wild roses grow-random.mp3
Nick Cave-Where the wild roses grow-133793.mp3,Nick Cave-Where the wild roses grow-159288.mp3,Nick Cave-Where the wild roses grow-min.mp3
Nick Cave-Where the wild roses grow-random.mp3,Nick Cave-Where the wild roses grow-min.mp3,Nick Cave-Where the wild roses grow-32972.mp3
Nick Cave-Where the wild roses grow-159288.mp3,Nick Cave-Where the wild roses grow-32972.mp3,Nick Cave-Where the wild roses grow-194954.mp3
Nick Cave-Where the wild roses grow-159288.mp3,Nick Cave-Where the wild roses grow-min.mp3,Nick Cave-Where the wild roses grow-133793.mp3
Nick Cave-Where the wild roses grow-194954.mp3,Nick Cave-Where the wild roses grow-32972.mp3,Nick Cave-Where the wild roses grow-min.mp3
Nick Cave-Where the wild roses grow-194954.mp3,Nick Cave-Where the wild roses grow-159288.mp3,Nick Cave-Where the wild roses grow-random.mp3
Nick Cave-Where the wild roses grow-194954.mp3,Nick Cave-Where the wild roses grow-133793.mp3,Nick Cave-Where the wild roses grow-min.mp3
Nick Cave-Where the wild roses grow-194954.mp3,Nick Cave-Where the wild roses grow-random.mp3,Nick Cave-Where the wild roses grow-159288.mp3
Nick Cave-Where the wild roses grow-194954.mp3,Nick Cave-Where the wild roses grow-random.mp3,Nick Cave-Where the wild roses grow-159288.mp3
Nick Cave-Where the wild roses grow-133793.mp3,Nick Cave-Where the wild roses grow-32972.mp3,Nick Cave-Where the wild roses grow-random.mp3
Nick Cave-Where the wild roses grow-133793.mp3,Nick Cave-Where the wild roses grow-194954.mp3,Nick Cave-Where the wild roses grow-random.mp3
Nick Cave-Where the wild roses grow-194954.mp3,Nick Cave-Where the wild roses grow-133793.mp3,Nick Cave-Where the wild roses grow-min.mp3
Nick Cave-Where the wild roses grow-min.mp3,Nick Cave-Where the wild roses grow-32972.mp3,Nick Cave-Where the wild roses grow-133793.mp3
Nick Cave-Where the wild roses grow-133793.mp3,Nick Cave-Where the wild roses grow-32972.mp3,Nick Cave-Where the wild roses grow-random.mp3
Nick Cave-Where the wild roses grow-133793.mp3,Nick Cave-Where the wild roses grow-32972.mp3,Nick Cave-Where the wild roses grow-159288.mp3
Nick Cave-Where the wild roses grow-32972.mp3,Nick Cave-Where the wild roses grow-159288.mp3,Nick Cave-Where the wild roses grow-133793.mp3
Nick Cave-Where the wild roses grow-194954.mp3,Nick Cave-Where the wild roses grow-133793.mp3,Nick Cave-Where the wild roses grow-random.mp3
Nick Cave-Where the wild roses grow-194954.mp3,Nick Cave-Where the wild roses grow-159288.mp3,Nick Cave-Where the wild roses grow-32972.mp3
Nick Cave-Where the wild roses grow-min.mp3,Nick Cave-Where the wild roses grow-random.mp3,Nick Cave-Where the wild roses grow-32972.mp3
Nick Cave-Where the wild roses grow-min.mp3,Nick Cave-Where the wild roses grow-194954.mp3,Nick Cave-Where the wild roses grow-159288.mp3
Nick Cave-Where the wild roses grow-133793.mp3,Nick Cave-Where the wild roses grow-194954.mp3,Nick Cave-Where the wild roses grow-159288.mp3
Nick Cave-Where the wild roses grow-random.mp3,Nick Cave-Where the wild roses grow-32972.mp3,Nick Cave-Where the wild roses grow-133793.mp3
Nick Cave-Where the wild roses grow-159288.mp3,Nick Cave-Where the wild roses grow-random.mp3,Nick Cave-Where the wild roses grow-194954.mp3
Nick Cave-Where the wild roses grow-133793.mp3,Nick Cave-Where the wild roses grow-194954.mp3,Nick Cave-Where the wild roses grow-32972.mp3
Nick Cave-Where the wild roses grow-32972.mp3,Nick Cave-Where the wild roses grow-random.mp3,Nick Cave-Where the wild roses grow-133793.mp3
Nick Cave-Where the wild roses grow-194954.mp3,Nick Cave-Where the wild roses grow-32972.mp3,Nick Cave-Where the wild roses grow-159288.mp3
Nick Cave-Where the wild roses grow-194954.mp3,Nick Cave-Where the wild roses grow-min.mp3,Nick Cave-Where the wild roses grow-random.mp3
Nick Cave-Where the wild roses grow-32972.mp3,Nick Cave-Where the wild roses grow-random.mp3,Nick Cave-Where the wild roses grow-133793.mp3
Nick Cave-Where the wild roses grow-32972.mp3,Nick Cave-Where the wild roses grow-159288.mp3,Nick Cave-Where the wild roses grow-random.mp3
Nick Cave-Where the wild roses grow-159288.mp3,Nick Cave-Where the wild roses grow-133793.mp3,Nick Cave-Where the wild roses grow-min.mp3
Nick Cave-Where the wild roses grow-133793.mp3,Nick Cave-Where the wild roses grow-min.mp3,Nick Cave-Where the wild roses grow-32972.mp3
Nick Cave-Where the wild roses grow-194954.mp3,Nick Cave-Where the wild roses grow-random.mp3,Nick Cave-Where the wild roses grow-133793.mp3
Nick Cave-Where the wild roses grow-194954.mp3,Nick Cave-Where the wild roses grow-159288.mp3,Nick Cave-Where the wild roses grow-min.mp3
Nick Cave-Where the wild roses grow-32972.mp3,Nick Cave-Where the wild roses grow-159288.mp3,Nick Cave-Where the wild roses grow-min.mp3
Nick Cave-Where the wild roses grow-194954.mp3,Nick Cave-Where the wild roses grow-random.mp3,Nick Cave-Where the wild roses grow-min.mp3
Nick Cave-Where the wild roses grow-32972.mp3,Nick Cave-Where the wild roses grow-133793.mp3,Nick Cave-Where the wild roses grow-min.mp3
Nick Cave-Where the wild roses grow-194954.mp3,Nick Cave-Where the wild roses grow-32972.mp3,Nick Cave-Where the wild roses grow-random.mp3
Nick Cave-Where the wild roses grow-random.mp3,Nick Cave-Where the wild roses grow-133793.mp3,Nick Cave-Where the wild roses grow-159288.mp3
Nick Cave-Where the wild roses grow-159288.mp3,Nick Cave-Where the wild roses grow-32972.mp3,Nick Cave-Where the wild roses grow-min.mp3
Nick Cave-Where the wild roses grow-random.mp3,Nick Cave-Where the wild roses grow-min.mp3,Nick Cave-Where the wild roses grow-194954.mp3
