Chris Isaak-Wicked game-157245.mp3,Chris Isaak-Wicked game-random.mp3,Chris Isaak-Wicked game-106486.mp3
Chris Isaak-Wicked game-106486.mp3,Chris Isaak-Wicked game-88328.mp3,Chris Isaak-Wicked game-269908.mp3
Chris Isaak-Wicked game-106486.mp3,Chris Isaak-Wicked game-min.mp3,Chris Isaak-Wicked game-269908.mp3
Chris Isaak-Wicked game-min.mp3,Chris Isaak-Wicked game-157245.mp3,Chris Isaak-Wicked game-88328.mp3
Chris Isaak-Wicked game-min.mp3,Chris Isaak-Wicked game-157245.mp3,Chris Isaak-Wicked game-269908.mp3
Chris Isaak-Wicked game-min.mp3,Chris Isaak-Wicked game-157245.mp3,Chris Isaak-Wicked game-random.mp3
Chris Isaak-Wicked game-min.mp3,Chris Isaak-Wicked game-269908.mp3,Chris Isaak-Wicked game-157245.mp3
Chris Isaak-Wicked game-88328.mp3,Chris Isaak-Wicked game-157245.mp3,Chris Isaak-Wicked game-269908.mp3
Chris Isaak-Wicked game-min.mp3,Chris Isaak-Wicked game-random.mp3,Chris Isaak-Wicked game-157245.mp3
Chris Isaak-Wicked game-min.mp3,Chris Isaak-Wicked game-random.mp3,Chris Isaak-Wicked game-269908.mp3
Chris Isaak-Wicked game-min.mp3,Chris Isaak-Wicked game-157245.mp3,Chris Isaak-Wicked game-106486.mp3
Chris Isaak-Wicked game-88328.mp3,Chris Isaak-Wicked game-157245.mp3,Chris Isaak-Wicked game-random.mp3
Chris Isaak-Wicked game-106486.mp3,Chris Isaak-Wicked game-157245.mp3,Chris Isaak-Wicked game-random.mp3
Chris Isaak-Wicked game-88328.mp3,Chris Isaak-Wicked game-random.mp3,Chris Isaak-Wicked game-min.mp3
Chris Isaak-Wicked game-min.mp3,Chris Isaak-Wicked game-88328.mp3,Chris Isaak-Wicked game-106486.mp3
Chris Isaak-Wicked game-157245.mp3,Chris Isaak-Wicked game-random.mp3,Chris Isaak-Wicked game-106486.mp3
Chris Isaak-Wicked game-269908.mp3,Chris Isaak-Wicked game-157245.mp3,Chris Isaak-Wicked game-min.mp3
Chris Isaak-Wicked game-106486.mp3,Chris Isaak-Wicked game-random.mp3,Chris Isaak-Wicked game-88328.mp3
Chris Isaak-Wicked game-106486.mp3,Chris Isaak-Wicked game-269908.mp3,Chris Isaak-Wicked game-random.mp3
Chris Isaak-Wicked game-106486.mp3,Chris Isaak-Wicked game-min.mp3,Chris Isaak-Wicked game-269908.mp3
Chris Isaak-Wicked game-88328.mp3,Chris Isaak-Wicked game-269908.mp3,Chris Isaak-Wicked game-106486.mp3
Chris Isaak-Wicked game-min.mp3,Chris Isaak-Wicked game-157245.mp3,Chris Isaak-Wicked game-269908.mp3
Chris Isaak-Wicked game-269908.mp3,Chris Isaak-Wicked game-157245.mp3,Chris Isaak-Wicked game-88328.mp3
Chris Isaak-Wicked game-min.mp3,Chris Isaak-Wicked game-random.mp3,Chris Isaak-Wicked game-269908.mp3
Chris Isaak-Wicked game-269908.mp3,Chris Isaak-Wicked game-min.mp3,Chris Isaak-Wicked game-random.mp3
Chris Isaak-Wicked game-88328.mp3,Chris Isaak-Wicked game-random.mp3,Chris Isaak-Wicked game-106486.mp3
Chris Isaak-Wicked game-106486.mp3,Chris Isaak-Wicked game-min.mp3,Chris Isaak-Wicked game-269908.mp3
Chris Isaak-Wicked game-269908.mp3,Chris Isaak-Wicked game-random.mp3,Chris Isaak-Wicked game-157245.mp3
Chris Isaak-Wicked game-min.mp3,Chris Isaak-Wicked game-106486.mp3,Chris Isaak-Wicked game-157245.mp3
Chris Isaak-Wicked game-min.mp3,Chris Isaak-Wicked game-106486.mp3,Chris Isaak-Wicked game-88328.mp3
Chris Isaak-Wicked game-269908.mp3,Chris Isaak-Wicked game-88328.mp3,Chris Isaak-Wicked game-random.mp3
Chris Isaak-Wicked game-min.mp3,Chris Isaak-Wicked game-88328.mp3,Chris Isaak-Wicked game-269908.mp3
Chris Isaak-Wicked game-88328.mp3,Chris Isaak-Wicked game-269908.mp3,Chris Isaak-Wicked game-106486.mp3
Chris Isaak-Wicked game-min.mp3,Chris Isaak-Wicked game-269908.mp3,Chris Isaak-Wicked game-88328.mp3
Chris Isaak-Wicked game-88328.mp3,Chris Isaak-Wicked game-106486.mp3,Chris Isaak-Wicked game-157245.mp3
Chris Isaak-Wicked game-random.mp3,Chris Isaak-Wicked game-157245.mp3,Chris Isaak-Wicked game-269908.mp3
Chris Isaak-Wicked game-157245.mp3,Chris Isaak-Wicked game-269908.mp3,Chris Isaak-Wicked game-random.mp3
Chris Isaak-Wicked game-random.mp3,Chris Isaak-Wicked game-min.mp3,Chris Isaak-Wicked game-269908.mp3
Chris Isaak-Wicked game-min.mp3,Chris Isaak-Wicked game-106486.mp3,Chris Isaak-Wicked game-random.mp3
Chris Isaak-Wicked game-106486.mp3,Chris Isaak-Wicked game-269908.mp3,Chris Isaak-Wicked game-random.mp3
Chris Isaak-Wicked game-106486.mp3,Chris Isaak-Wicked game-min.mp3,Chris Isaak-Wicked game-157245.mp3
Chris Isaak-Wicked game-random.mp3,Chris Isaak-Wicked game-88328.mp3,Chris Isaak-Wicked game-157245.mp3
Chris Isaak-Wicked game-min.mp3,Chris Isaak-Wicked game-88328.mp3,Chris Isaak-Wicked game-157245.mp3
Chris Isaak-Wicked game-106486.mp3,Chris Isaak-Wicked game-min.mp3,Chris Isaak-Wicked game-157245.mp3
