Pink Floyd-Wish you were here-158406.mp3,Pink Floyd-Wish you were here-min.mp3,Pink Floyd-Wish you were here-0.mp3
Pink Floyd-Wish you were here-158406.mp3,Pink Floyd-Wish you were here-min.mp3,Pink Floyd-Wish you were here-267029.mp3
Pink Floyd-Wish you were here-random.mp3,Pink Floyd-Wish you were here-267029.mp3,Pink Floyd-Wish you were here-0.mp3
Pink Floyd-Wish you were here-min.mp3,Pink Floyd-Wish you were here-0.mp3,Pink Floyd-Wish you were here-3854.mp3
Pink Floyd-Wish you were here-random.mp3,Pink Floyd-Wish you were here-158406.mp3,Pink Floyd-Wish you were here-0.mp3
Pink Floyd-Wish you were here-random.mp3,Pink Floyd-Wish you were here-min.mp3,Pink Floyd-Wish you were here-3854.mp3
Pink Floyd-Wish you were here-random.mp3,Pink Floyd-Wish you were here-158406.mp3,Pink Floyd-Wish you were here-0.mp3
Pink Floyd-Wish you were here-158406.mp3,Pink Floyd-Wish you were here-random.mp3,Pink Floyd-Wish you were here-0.mp3
Pink Floyd-Wish you were here-267029.mp3,Pink Floyd-Wish you were here-random.mp3,Pink Floyd-Wish you were here-3854.mp3
Pink Floyd-Wish you were here-267029.mp3,Pink Floyd-Wish you were here-158406.mp3,Pink Floyd-Wish you were here-3854.mp3
Pink Floyd-Wish you were here-random.mp3,Pink Floyd-Wish you were here-3854.mp3,Pink Floyd-Wish you were here-0.mp3
Pink Floyd-Wish you were here-158406.mp3,Pink Floyd-Wish you were here-random.mp3,Pink Floyd-Wish you were here-0.mp3
Pink Floyd-Wish you were here-158406.mp3,Pink Floyd-Wish you were here-3854.mp3,Pink Floyd-Wish you were here-0.mp3
Pink Floyd-Wish you were here-random.mp3,Pink Floyd-Wish you were here-158406.mp3,Pink Floyd-Wish you were here-0.mp3
Pink Floyd-Wish you were here-random.mp3,Pink Floyd-Wish you were here-min.mp3,Pink Floyd-Wish you were here-0.mp3
Pink Floyd-Wish you were here-min.mp3,Pink Floyd-Wish you were here-3854.mp3,Pink Floyd-Wish you were here-0.mp3
Pink Floyd-Wish you were here-158406.mp3,Pink Floyd-Wish you were here-min.mp3,Pink Floyd-Wish you were here-0.mp3
Pink Floyd-Wish you were here-267029.mp3,Pink Floyd-Wish you were here-min.mp3,Pink Floyd-Wish you were here-3854.mp3
Pink Floyd-Wish you were here-random.mp3,Pink Floyd-Wish you were here-0.mp3,Pink Floyd-Wish you were here-3854.mp3
Pink Floyd-Wish you were here-min.mp3,Pink Floyd-Wish you were here-3854.mp3,Pink Floyd-Wish you were here-0.mp3
Pink Floyd-Wish you were here-267029.mp3,Pink Floyd-Wish you were here-random.mp3,Pink Floyd-Wish you were here-0.mp3
Pink Floyd-Wish you were here-267029.mp3,Pink Floyd-Wish you were here-min.mp3,Pink Floyd-Wish you were here-3854.mp3
Pink Floyd-Wish you were here-267029.mp3,Pink Floyd-Wish you were here-0.mp3,Pink Floyd-Wish you were here-min.mp3
Pink Floyd-Wish you were here-3854.mp3,Pink Floyd-Wish you were here-min.mp3,Pink Floyd-Wish you were here-158406.mp3
Pink Floyd-Wish you were here-min.mp3,Pink Floyd-Wish you were here-3854.mp3,Pink Floyd-Wish you were here-0.mp3
Pink Floyd-Wish you were here-random.mp3,Pink Floyd-Wish you were here-158406.mp3,Pink Floyd-Wish you were here-min.mp3
Pink Floyd-Wish you were here-3854.mp3,Pink Floyd-Wish you were here-min.mp3,Pink Floyd-Wish you were here-267029.mp3
Pink Floyd-Wish you were here-random.mp3,Pink Floyd-Wish you were here-min.mp3,Pink Floyd-Wish you were here-3854.mp3
Pink Floyd-Wish you were here-random.mp3,Pink Floyd-Wish you were here-min.mp3,Pink Floyd-Wish you were here-0.mp3
Pink Floyd-Wish you were here-158406.mp3,Pink Floyd-Wish you were here-3854.mp3,Pink Floyd-Wish you were here-0.mp3
Pink Floyd-Wish you were here-3854.mp3,Pink Floyd-Wish you were here-0.mp3,Pink Floyd-Wish you were here-min.mp3
Pink Floyd-Wish you were here-267029.mp3,Pink Floyd-Wish you were here-random.mp3,Pink Floyd-Wish you were here-0.mp3
Pink Floyd-Wish you were here-267029.mp3,Pink Floyd-Wish you were here-min.mp3,Pink Floyd-Wish you were here-3854.mp3
Pink Floyd-Wish you were here-0.mp3,Pink Floyd-Wish you were here-158406.mp3,Pink Floyd-Wish you were here-random.mp3
Pink Floyd-Wish you were here-0.mp3,Pink Floyd-Wish you were here-random.mp3,Pink Floyd-Wish you were here-267029.mp3
Pink Floyd-Wish you were here-random.mp3,Pink Floyd-Wish you were here-158406.mp3,Pink Floyd-Wish you were here-3854.mp3
Pink Floyd-Wish you were here-random.mp3,Pink Floyd-Wish you were here-267029.mp3,Pink Floyd-Wish you were here-min.mp3
Pink Floyd-Wish you were here-random.mp3,Pink Floyd-Wish you were here-158406.mp3,Pink Floyd-Wish you were here-0.mp3
Pink Floyd-Wish you were here-random.mp3,Pink Floyd-Wish you were here-min.mp3,Pink Floyd-Wish you were here-3854.mp3
Pink Floyd-Wish you were here-158406.mp3,Pink Floyd-Wish you were here-min.mp3,Pink Floyd-Wish you were here-0.mp3
Pink Floyd-Wish you were here-267029.mp3,Pink Floyd-Wish you were here-min.mp3,Pink Floyd-Wish you were here-3854.mp3
Pink Floyd-Wish you were here-267029.mp3,Pink Floyd-Wish you were here-0.mp3,Pink Floyd-Wish you were here-3854.mp3
